,checking_balance,months_loan_duration,credit_history,purpose,amount,savings_balance,employment_duration,percent_of_income,years_at_residence,age,other_credit,housing,existing_loans_count,job,dependents,phone,default
0,< 0 DM,6,critical,furniture/appliances,1169,unknown,> 7 years,4,4,67,none,own,2,skilled,1,yes,no
1,1 - 200 DM,48,good,furniture/appliances,5951,< 100 DM,1 - 4 years,2,2,22,none,own,1,skilled,1,no,yes
2,unknown,12,critical,education,2096,< 100 DM,4 - 7 years,2,3,49,none,own,1,unskilled,2,no,no
3,< 0 DM,42,good,furniture/appliances,7882,< 100 DM,4 - 7 years,2,4,45,none,other,1,skilled,2,no,no
4,< 0 DM,24,poor,car,4870,< 100 DM,1 - 4 years,3,4,53,none,other,2,skilled,2,no,yes
5,unknown,36,good,education,9055,unknown,1 - 4 years,2,4,35,none,other,1,unskilled,2,yes,no
6,unknown,24,good,furniture/appliances,2835,500 - 1000 DM,> 7 years,3,4,53,none,own,1,skilled,1,no,no
7,1 - 200 DM,36,good,car,6948,< 100 DM,1 - 4 years,2,2,35,none,rent,1,management,1,yes,no
8,unknown,12,good,furniture/appliances,3059,> 1000 DM,4 - 7 years,2,4,61,none,own,1,unskilled,1,no,no
9,1 - 200 DM,30,critical,car,5234,< 100 DM,unemployed,4,2,28,none,own,2,management,1,no,yes
10,1 - 200 DM,12,good,car,1295,< 100 DM,< 1 year,3,1,25,none,rent,1,skilled,1,no,yes
11,< 0 DM,48,good,business,4308,< 100 DM,< 1 year,3,4,24,none,rent,1,skilled,1,no,yes
12,1 - 200 DM,12,good,furniture/appliances,1567,< 100 DM,1 - 4 years,1,1,22,none,own,1,skilled,1,yes,no
13,< 0 DM,24,critical,car,1199,< 100 DM,> 7 years,4,4,60,none,own,2,unskilled,1,no,yes
14,< 0 DM,15,good,car,1403,< 100 DM,1 - 4 years,2,4,28,none,rent,1,skilled,1,no,no
15,< 0 DM,24,good,furniture/appliances,1282,100 - 500 DM,1 - 4 years,4,2,32,none,own,1,unskilled,1,no,yes
16,unknown,24,critical,furniture/appliances,2424,unknown,> 7 years,4,4,53,none,own,2,skilled,1,no,no
17,< 0 DM,30,perfect,business,8072,unknown,< 1 year,2,3,25,bank,own,3,skilled,1,no,no
18,1 - 200 DM,24,good,car,12579,< 100 DM,> 7 years,4,2,44,none,other,1,management,1,yes,yes
19,unknown,24,good,furniture/appliances,3430,500 - 1000 DM,> 7 years,3,2,31,none,own,1,skilled,2,yes,no
20,unknown,9,critical,car,2134,< 100 DM,1 - 4 years,4,4,48,none,own,3,skilled,1,yes,no
21,< 0 DM,6,good,furniture/appliances,2647,500 - 1000 DM,1 - 4 years,2,3,44,none,rent,1,skilled,2,no,no
22,< 0 DM,10,critical,car,2241,< 100 DM,< 1 year,1,3,48,none,rent,2,unskilled,2,no,no
23,1 - 200 DM,12,critical,car,1804,100 - 500 DM,< 1 year,3,4,44,none,own,1,skilled,1,no,no
24,unknown,10,critical,furniture/appliances,2069,unknown,1 - 4 years,2,1,26,none,own,2,skilled,1,no,no
25,< 0 DM,6,good,furniture/appliances,1374,< 100 DM,1 - 4 years,1,2,36,bank,own,1,unskilled,1,yes,no
26,unknown,6,perfect,furniture/appliances,426,< 100 DM,> 7 years,4,4,39,none,own,1,unskilled,1,no,no
27,> 200 DM,12,very good,furniture/appliances,409,> 1000 DM,1 - 4 years,3,3,42,none,rent,2,skilled,1,no,no
28,1 - 200 DM,7,good,furniture/appliances,2415,< 100 DM,1 - 4 years,3,2,34,none,own,1,skilled,1,no,no
29,< 0 DM,60,poor,business,6836,< 100 DM,> 7 years,3,4,63,none,own,2,skilled,1,yes,yes
30,1 - 200 DM,18,good,business,1913,> 1000 DM,< 1 year,3,3,36,bank,own,1,skilled,1,yes,no
31,< 0 DM,24,good,furniture/appliances,4020,< 100 DM,1 - 4 years,2,2,27,store,own,1,skilled,1,no,no
32,1 - 200 DM,18,good,car,5866,100 - 500 DM,1 - 4 years,2,2,30,none,own,2,skilled,1,yes,no
33,unknown,12,critical,business,1264,unknown,> 7 years,4,4,57,none,rent,1,unskilled,1,no,no
34,> 200 DM,12,good,furniture/appliances,1474,< 100 DM,< 1 year,4,1,33,bank,own,1,management,1,yes,no
35,1 - 200 DM,45,critical,furniture/appliances,4746,< 100 DM,< 1 year,4,2,25,none,own,2,unskilled,1,no,yes
36,unknown,48,critical,education,6110,< 100 DM,1 - 4 years,1,3,31,bank,other,1,skilled,1,yes,no
37,> 200 DM,18,good,furniture/appliances,2100,< 100 DM,1 - 4 years,4,2,37,store,own,1,skilled,1,no,yes
38,> 200 DM,10,good,furniture/appliances,1225,< 100 DM,1 - 4 years,2,2,37,none,own,1,skilled,1,yes,no
39,1 - 200 DM,9,good,furniture/appliances,458,< 100 DM,1 - 4 years,4,3,24,none,own,1,skilled,1,no,no
40,unknown,30,good,furniture/appliances,2333,500 - 1000 DM,> 7 years,4,2,30,bank,own,1,management,1,no,no
41,1 - 200 DM,12,good,furniture/appliances,1158,500 - 1000 DM,1 - 4 years,3,1,26,none,own,1,skilled,1,yes,no
42,1 - 200 DM,18,poor,renovations,6204,< 100 DM,1 - 4 years,2,4,44,none,own,1,unskilled,2,yes,no
43,< 0 DM,30,critical,car,6187,100 - 500 DM,4 - 7 years,1,4,24,none,rent,2,skilled,1,no,no
44,< 0 DM,48,critical,car,6143,< 100 DM,> 7 years,4,4,58,store,other,2,unskilled,1,no,yes
45,unknown,11,critical,car,1393,< 100 DM,< 1 year,4,4,35,none,own,2,management,1,no,no
46,unknown,36,good,furniture/appliances,2299,500 - 1000 DM,> 7 years,4,4,39,none,own,1,skilled,1,no,no
47,< 0 DM,6,good,car,1352,500 - 1000 DM,unemployed,1,2,23,none,rent,1,unemployed,1,yes,no
48,unknown,11,critical,car,7228,< 100 DM,1 - 4 years,1,4,39,none,own,2,unskilled,1,no,no
49,unknown,12,good,furniture/appliances,2073,100 - 500 DM,1 - 4 years,4,2,28,none,own,1,skilled,1,no,no
50,1 - 200 DM,24,poor,furniture/appliances,2333,unknown,< 1 year,4,2,29,bank,own,1,unskilled,1,no,no
51,1 - 200 DM,27,poor,car,5965,< 100 DM,> 7 years,1,2,30,none,own,2,management,1,yes,no
52,unknown,12,good,furniture/appliances,1262,< 100 DM,1 - 4 years,3,2,25,none,own,1,skilled,1,no,no
53,unknown,18,good,car,3378,unknown,1 - 4 years,2,1,31,none,own,1,skilled,1,yes,no
54,1 - 200 DM,36,poor,car,2225,< 100 DM,> 7 years,4,4,57,bank,other,2,skilled,1,yes,yes
55,unknown,6,very good,car,783,unknown,1 - 4 years,1,2,26,store,own,1,unskilled,2,no,no
56,1 - 200 DM,12,good,furniture/appliances,6468,unknown,unemployed,2,1,52,none,own,1,management,1,yes,yes
57,unknown,36,critical,furniture/appliances,9566,< 100 DM,1 - 4 years,2,2,31,store,own,2,skilled,1,no,no
58,> 200 DM,18,good,car,1961,< 100 DM,> 7 years,3,2,23,none,own,1,management,1,no,no
59,< 0 DM,36,critical,furniture/appliances,6229,< 100 DM,< 1 year,4,4,23,none,rent,2,unskilled,1,yes,yes
60,1 - 200 DM,9,good,business,1391,< 100 DM,1 - 4 years,2,1,27,bank,own,1,skilled,1,yes,no
61,1 - 200 DM,15,critical,furniture/appliances,1537,unknown,> 7 years,4,4,50,none,own,2,skilled,1,yes,no
62,1 - 200 DM,36,perfect,business,1953,< 100 DM,> 7 years,4,4,61,none,other,1,management,1,yes,yes
63,1 - 200 DM,48,perfect,business,14421,< 100 DM,1 - 4 years,2,2,25,none,own,1,skilled,1,yes,yes
64,unknown,24,good,furniture/appliances,3181,< 100 DM,< 1 year,4,4,26,none,own,1,skilled,1,yes,no
65,unknown,27,good,renovations,5190,unknown,> 7 years,4,4,48,none,own,4,skilled,2,yes,no
66,unknown,12,good,furniture/appliances,2171,< 100 DM,< 1 year,2,2,29,bank,own,1,skilled,1,no,no
67,1 - 200 DM,12,good,car,1007,> 1000 DM,1 - 4 years,4,1,22,none,own,1,skilled,1,no,no
68,unknown,36,good,education,1819,< 100 DM,1 - 4 years,4,4,37,store,other,1,skilled,1,yes,yes
69,unknown,36,good,furniture/appliances,2394,unknown,1 - 4 years,4,4,25,none,own,1,skilled,1,no,no
70,unknown,36,good,car,8133,< 100 DM,1 - 4 years,1,2,30,bank,own,1,skilled,1,no,no
71,unknown,7,critical,furniture/appliances,730,unknown,> 7 years,4,2,46,none,rent,2,unskilled,1,yes,no
72,< 0 DM,8,critical,car,1164,< 100 DM,> 7 years,3,4,51,bank,other,2,management,2,yes,no
73,1 - 200 DM,42,critical,business,5954,< 100 DM,4 - 7 years,2,1,41,bank,own,2,unskilled,1,no,no
74,< 0 DM,36,good,education,1977,unknown,> 7 years,4,4,40,none,own,1,management,1,yes,yes
75,< 0 DM,12,critical,car,1526,< 100 DM,> 7 years,4,4,66,none,other,2,management,1,no,no
76,< 0 DM,42,good,furniture/appliances,3965,< 100 DM,< 1 year,4,3,34,none,own,1,skilled,1,no,yes
77,1 - 200 DM,11,poor,furniture/appliances,4771,< 100 DM,4 - 7 years,2,4,51,none,own,1,skilled,1,no,no
78,unknown,54,perfect,car,9436,unknown,1 - 4 years,2,2,39,none,own,1,unskilled,2,no,no
79,1 - 200 DM,30,good,furniture/appliances,3832,< 100 DM,< 1 year,2,1,22,none,own,1,skilled,1,no,no
80,unknown,24,good,furniture/appliances,5943,unknown,< 1 year,1,1,44,none,own,2,skilled,1,yes,yes
81,unknown,15,good,furniture/appliances,1213,500 - 1000 DM,> 7 years,4,3,47,store,own,1,skilled,1,yes,no
82,unknown,18,good,business,1568,100 - 500 DM,1 - 4 years,3,4,24,none,rent,1,unskilled,1,no,no
83,< 0 DM,24,good,car,1755,< 100 DM,> 7 years,4,4,58,none,own,1,unskilled,1,yes,no
84,< 0 DM,10,good,furniture/appliances,2315,< 100 DM,> 7 years,3,4,52,none,own,1,unskilled,1,no,no
85,unknown,12,critical,business,1412,< 100 DM,1 - 4 years,4,2,29,none,own,2,management,1,yes,no
86,1 - 200 DM,18,critical,furniture/appliances,1295,< 100 DM,< 1 year,4,1,27,none,own,2,skilled,1,no,no
87,1 - 200 DM,36,good,education,12612,100 - 500 DM,1 - 4 years,1,4,47,none,other,1,skilled,2,yes,yes
88,< 0 DM,18,good,car,2249,100 - 500 DM,4 - 7 years,4,3,30,none,own,1,management,2,yes,no
89,< 0 DM,12,perfect,renovations,1108,< 100 DM,4 - 7 years,4,3,28,none,own,2,skilled,1,no,yes
90,unknown,12,critical,furniture/appliances,618,< 100 DM,> 7 years,4,4,56,none,own,1,skilled,1,no,no
91,< 0 DM,12,critical,car,1409,< 100 DM,> 7 years,4,3,54,none,own,1,skilled,1,no,no
92,unknown,12,critical,furniture/appliances,797,unknown,> 7 years,4,3,33,bank,own,1,unskilled,2,no,yes
93,> 200 DM,24,critical,furniture/appliances,3617,unknown,> 7 years,4,4,20,none,rent,2,skilled,1,no,no
94,1 - 200 DM,12,good,car,1318,> 1000 DM,> 7 years,4,4,54,none,own,1,skilled,1,yes,no
95,1 - 200 DM,54,perfect,business,15945,< 100 DM,< 1 year,3,4,58,none,rent,1,skilled,1,yes,yes
96,unknown,12,critical,education,2012,unknown,4 - 7 years,4,2,61,none,own,1,skilled,1,no,no
97,1 - 200 DM,18,good,business,2622,100 - 500 DM,1 - 4 years,4,4,34,none,own,1,skilled,1,no,no
98,1 - 200 DM,36,critical,furniture/appliances,2337,< 100 DM,> 7 years,4,4,36,none,own,1,skilled,1,no,no
99,1 - 200 DM,20,poor,car,7057,unknown,4 - 7 years,3,4,36,bank,rent,2,management,2,yes,no
100,unknown,24,good,car,1469,100 - 500 DM,> 7 years,4,4,41,none,rent,1,unskilled,1,no,no
101,1 - 200 DM,36,good,furniture/appliances,2323,< 100 DM,4 - 7 years,4,4,24,none,rent,1,skilled,1,no,no
102,unknown,6,poor,furniture/appliances,932,< 100 DM,1 - 4 years,3,2,24,none,own,1,skilled,1,no,no
103,1 - 200 DM,9,critical,furniture/appliances,1919,< 100 DM,4 - 7 years,4,3,35,none,rent,1,skilled,1,yes,no
104,unknown,12,good,car,2445,unknown,< 1 year,2,4,26,none,rent,1,skilled,1,yes,no
105,1 - 200 DM,24,critical,car,11938,< 100 DM,1 - 4 years,2,3,39,none,own,2,management,2,yes,yes
106,unknown,18,very good,car,6458,< 100 DM,> 7 years,2,4,39,bank,own,2,management,2,yes,yes
107,1 - 200 DM,12,good,car,6078,< 100 DM,4 - 7 years,2,2,32,none,own,1,skilled,1,no,no
108,< 0 DM,24,good,furniture/appliances,7721,unknown,< 1 year,1,2,30,none,own,1,skilled,1,yes,no
109,1 - 200 DM,14,good,business,1410,500 - 1000 DM,> 7 years,1,2,35,none,own,1,skilled,1,yes,no
110,1 - 200 DM,6,poor,business,1449,100 - 500 DM,> 7 years,1,2,31,bank,own,2,skilled,2,no,no
111,> 200 DM,15,good,education,392,< 100 DM,< 1 year,4,4,23,none,rent,1,skilled,1,yes,no
112,1 - 200 DM,18,good,car,6260,< 100 DM,4 - 7 years,3,3,28,none,rent,1,unskilled,1,no,no
113,unknown,36,critical,car,7855,< 100 DM,1 - 4 years,4,2,25,store,own,2,skilled,1,yes,yes
114,< 0 DM,12,good,furniture/appliances,1680,500 - 1000 DM,> 7 years,3,1,35,none,own,1,skilled,1,no,no
115,unknown,48,critical,furniture/appliances,3578,unknown,> 7 years,4,1,47,none,own,1,skilled,1,yes,no
116,< 0 DM,42,good,furniture/appliances,7174,unknown,4 - 7 years,4,3,30,none,own,1,management,1,yes,yes
117,< 0 DM,10,critical,furniture/appliances,2132,unknown,< 1 year,2,3,27,none,rent,2,skilled,1,no,no
118,< 0 DM,33,critical,furniture/appliances,4281,500 - 1000 DM,1 - 4 years,1,4,23,none,own,2,skilled,1,no,yes
119,1 - 200 DM,12,critical,car,2366,500 - 1000 DM,4 - 7 years,3,3,36,none,own,1,management,1,yes,no
120,< 0 DM,21,good,furniture/appliances,1835,< 100 DM,1 - 4 years,3,2,25,none,own,2,skilled,1,yes,yes
121,unknown,24,critical,car,3868,< 100 DM,> 7 years,4,2,41,none,rent,2,management,1,yes,no
122,unknown,12,good,furniture/appliances,1768,< 100 DM,1 - 4 years,3,2,24,none,rent,1,unskilled,1,no,no
123,> 200 DM,10,critical,car,781,< 100 DM,> 7 years,4,4,63,none,other,2,skilled,1,yes,no
124,1 - 200 DM,18,good,furniture/appliances,1924,unknown,< 1 year,4,3,27,none,rent,1,skilled,1,no,yes
125,< 0 DM,12,critical,car,2121,< 100 DM,1 - 4 years,4,2,30,none,own,2,skilled,1,no,no
126,< 0 DM,12,good,furniture/appliances,701,< 100 DM,1 - 4 years,4,2,40,none,own,1,unskilled,1,no,no
127,1 - 200 DM,12,good,renovations,639,< 100 DM,1 - 4 years,4,2,30,none,own,1,skilled,1,no,yes
128,1 - 200 DM,12,critical,car,1860,< 100 DM,unemployed,4,2,34,none,own,2,management,1,yes,no
129,< 0 DM,12,critical,car,3499,< 100 DM,1 - 4 years,3,2,29,none,own,2,skilled,1,no,yes
130,1 - 200 DM,48,good,car,8487,unknown,4 - 7 years,1,2,24,none,own,1,skilled,1,no,no
131,< 0 DM,36,poor,education,6887,< 100 DM,1 - 4 years,4,3,29,store,own,1,skilled,1,yes,yes
132,unknown,15,good,furniture/appliances,2708,< 100 DM,< 1 year,2,3,27,bank,own,2,unskilled,1,no,no
133,unknown,18,good,furniture/appliances,1984,< 100 DM,1 - 4 years,4,4,47,bank,other,2,skilled,1,no,no
134,unknown,60,good,furniture/appliances,10144,100 - 500 DM,4 - 7 years,2,4,21,none,own,1,skilled,1,yes,no
135,unknown,12,critical,furniture/appliances,1240,unknown,> 7 years,4,2,38,none,own,2,skilled,1,yes,no
136,unknown,27,poor,car,8613,> 1000 DM,1 - 4 years,2,2,27,none,own,2,skilled,1,no,no
137,1 - 200 DM,12,good,furniture/appliances,766,500 - 1000 DM,1 - 4 years,4,3,66,none,own,1,unskilled,1,no,yes
138,1 - 200 DM,15,critical,furniture/appliances,2728,unknown,4 - 7 years,4,2,35,bank,own,3,skilled,1,yes,no
139,> 200 DM,12,good,furniture/appliances,1881,< 100 DM,1 - 4 years,2,2,44,none,rent,1,unskilled,1,yes,no
140,> 200 DM,6,good,car,709,> 1000 DM,< 1 year,2,2,27,none,own,1,unemployed,1,no,no
141,1 - 200 DM,36,good,furniture/appliances,4795,< 100 DM,< 1 year,4,1,30,none,own,1,management,1,yes,no
142,< 0 DM,27,good,furniture/appliances,3416,< 100 DM,1 - 4 years,3,2,27,none,own,1,management,1,no,no
143,< 0 DM,18,good,furniture/appliances,2462,< 100 DM,1 - 4 years,2,2,22,none,own,1,skilled,1,no,yes
144,unknown,21,critical,furniture/appliances,2288,< 100 DM,< 1 year,4,4,23,none,own,1,skilled,1,yes,no
145,1 - 200 DM,48,very good,business,3566,100 - 500 DM,4 - 7 years,4,2,30,none,own,1,skilled,1,no,no
146,< 0 DM,6,critical,car,860,< 100 DM,> 7 years,1,4,39,none,own,2,skilled,1,yes,no
147,unknown,12,critical,car,682,100 - 500 DM,4 - 7 years,4,3,51,none,own,2,skilled,1,yes,no
148,< 0 DM,36,critical,furniture/appliances,5371,< 100 DM,1 - 4 years,3,2,28,none,own,2,skilled,1,no,no
149,unknown,18,critical,furniture/appliances,1582,> 1000 DM,> 7 years,4,4,46,none,own,2,skilled,1,no,no
150,unknown,6,good,furniture/appliances,1346,100 - 500 DM,> 7 years,2,4,42,bank,other,1,skilled,2,yes,no
151,unknown,10,good,furniture/appliances,1924,< 100 DM,1 - 4 years,1,4,38,none,own,1,skilled,1,yes,no
152,> 200 DM,36,good,furniture/appliances,5848,< 100 DM,1 - 4 years,4,1,24,none,own,1,skilled,1,no,no
153,1 - 200 DM,24,critical,car,7758,> 1000 DM,> 7 years,2,4,29,none,rent,1,skilled,1,no,no
154,1 - 200 DM,24,poor,business,6967,100 - 500 DM,4 - 7 years,4,4,36,none,rent,1,management,1,yes,no
155,< 0 DM,12,good,furniture/appliances,1282,< 100 DM,1 - 4 years,2,4,20,none,rent,1,skilled,1,no,yes
156,< 0 DM,9,critical,renovations,1288,100 - 500 DM,> 7 years,3,4,48,none,own,2,skilled,2,no,no
157,< 0 DM,12,very good,education,339,< 100 DM,> 7 years,4,1,45,bank,own,1,unskilled,1,no,no
158,1 - 200 DM,24,good,car,3512,100 - 500 DM,4 - 7 years,2,3,38,bank,own,2,skilled,1,yes,no
159,unknown,6,critical,furniture/appliances,1898,unknown,1 - 4 years,1,2,34,none,own,2,unskilled,2,no,no
160,unknown,24,critical,furniture/appliances,2872,100 - 500 DM,> 7 years,3,4,36,none,own,1,skilled,2,yes,no
161,unknown,18,critical,car,1055,< 100 DM,< 1 year,4,1,30,none,own,2,skilled,1,no,no
162,unknown,15,good,furniture/appliances,1262,500 - 1000 DM,4 - 7 years,4,3,36,none,own,2,skilled,1,yes,no
163,1 - 200 DM,10,good,car,7308,< 100 DM,unemployed,2,4,70,bank,other,1,management,1,yes,no
164,unknown,36,good,car,909,500 - 1000 DM,> 7 years,4,4,36,none,own,1,skilled,1,no,no
165,unknown,6,good,furniture/appliances,2978,500 - 1000 DM,1 - 4 years,1,2,32,none,own,1,skilled,1,yes,no
166,< 0 DM,18,good,furniture/appliances,1131,< 100 DM,unemployed,4,2,33,none,own,1,skilled,1,no,yes
167,1 - 200 DM,11,good,furniture/appliances,1577,> 1000 DM,< 1 year,4,1,20,none,own,1,skilled,1,no,no
168,unknown,24,good,furniture/appliances,3972,< 100 DM,4 - 7 years,2,4,25,none,rent,1,skilled,1,yes,no
169,1 - 200 DM,24,critical,business,1935,< 100 DM,> 7 years,4,4,31,none,own,2,skilled,1,yes,yes
170,< 0 DM,15,perfect,car,950,< 100 DM,> 7 years,4,3,33,none,rent,2,skilled,2,no,yes
171,unknown,12,good,furniture/appliances,763,< 100 DM,1 - 4 years,4,1,26,none,own,1,skilled,1,yes,no
172,1 - 200 DM,24,poor,furniture/appliances,2064,< 100 DM,unemployed,3,2,34,none,own,1,management,1,yes,yes
173,1 - 200 DM,8,good,furniture/appliances,1414,< 100 DM,1 - 4 years,4,2,33,none,own,1,skilled,1,no,no
174,< 0 DM,21,poor,education,3414,< 100 DM,< 1 year,2,1,26,none,own,2,skilled,1,no,yes
175,unknown,30,very good,car,7485,unknown,unemployed,4,1,53,bank,own,1,management,1,yes,yes
176,< 0 DM,12,good,furniture/appliances,2577,< 100 DM,1 - 4 years,2,1,42,none,own,1,skilled,1,no,no
177,< 0 DM,6,critical,furniture/appliances,338,500 - 1000 DM,> 7 years,4,4,52,none,own,2,skilled,1,no,no
178,unknown,12,good,furniture/appliances,1963,< 100 DM,4 - 7 years,4,2,31,none,rent,2,management,2,yes,no
179,< 0 DM,21,critical,car,571,< 100 DM,> 7 years,4,4,65,none,own,2,skilled,1,no,no
180,unknown,36,poor,business,9572,< 100 DM,< 1 year,1,1,28,none,own,2,skilled,1,no,yes
181,1 - 200 DM,36,poor,business,4455,< 100 DM,1 - 4 years,2,2,30,store,own,2,management,1,yes,yes
182,< 0 DM,21,very good,car,1647,unknown,1 - 4 years,4,2,40,none,own,2,unskilled,2,no,yes
183,unknown,24,critical,furniture/appliances,3777,> 1000 DM,1 - 4 years,4,4,50,none,own,1,skilled,1,yes,no
184,1 - 200 DM,18,critical,car,884,< 100 DM,> 7 years,4,4,36,bank,own,1,skilled,2,yes,yes
185,unknown,15,critical,furniture/appliances,1360,< 100 DM,1 - 4 years,4,2,31,none,own,2,skilled,1,no,no
186,1 - 200 DM,9,very good,car,5129,< 100 DM,> 7 years,2,4,74,bank,other,1,management,2,yes,yes
187,1 - 200 DM,16,critical,car,1175,< 100 DM,unemployed,2,3,68,none,other,3,unemployed,1,yes,no
188,< 0 DM,12,good,furniture/appliances,674,100 - 500 DM,4 - 7 years,4,1,20,none,own,1,skilled,1,no,yes
189,1 - 200 DM,18,perfect,furniture/appliances,3244,< 100 DM,1 - 4 years,1,4,33,bank,own,2,skilled,1,yes,no
190,unknown,24,good,business,4591,> 1000 DM,1 - 4 years,2,3,54,none,own,3,management,1,yes,yes
191,1 - 200 DM,48,perfect,business,3844,100 - 500 DM,4 - 7 years,4,4,34,none,other,1,unskilled,2,no,yes
192,1 - 200 DM,27,good,business,3915,< 100 DM,1 - 4 years,4,2,36,none,own,1,skilled,2,yes,yes
193,unknown,6,good,furniture/appliances,2108,< 100 DM,4 - 7 years,2,2,29,none,rent,1,skilled,1,no,no
194,1 - 200 DM,45,good,furniture/appliances,3031,100 - 500 DM,1 - 4 years,4,4,21,none,rent,1,skilled,1,no,yes
195,1 - 200 DM,9,critical,education,1501,< 100 DM,> 7 years,2,3,34,none,own,2,management,1,yes,yes
196,unknown,6,critical,furniture/appliances,1382,< 100 DM,1 - 4 years,1,1,28,none,own,2,skilled,1,yes,no
197,1 - 200 DM,12,good,furniture/appliances,951,100 - 500 DM,< 1 year,4,4,27,bank,rent,4,skilled,1,no,yes
198,1 - 200 DM,24,good,car,2760,unknown,> 7 years,4,4,36,bank,other,1,skilled,1,yes,no
199,1 - 200 DM,18,poor,furniture/appliances,4297,< 100 DM,> 7 years,4,3,40,none,own,1,management,1,yes,yes
200,unknown,9,critical,education,936,500 - 1000 DM,> 7 years,4,2,52,none,own,2,skilled,1,yes,no
201,< 0 DM,12,good,car,1168,< 100 DM,1 - 4 years,4,3,27,none,own,1,unskilled,1,no,no
202,unknown,27,poor,business,5117,< 100 DM,4 - 7 years,3,4,26,none,own,2,skilled,1,no,no
203,< 0 DM,12,good,education,902,< 100 DM,4 - 7 years,4,4,21,none,rent,1,skilled,1,no,yes
204,unknown,12,critical,car,1495,< 100 DM,> 7 years,4,1,38,none,own,2,unskilled,2,no,no
205,< 0 DM,30,critical,car,10623,< 100 DM,> 7 years,3,4,38,none,other,3,management,2,yes,no
206,unknown,12,critical,furniture/appliances,1935,< 100 DM,> 7 years,4,4,43,none,own,3,skilled,1,yes,no
207,1 - 200 DM,12,critical,furniture/appliances,1424,< 100 DM,4 - 7 years,4,3,26,none,own,1,skilled,1,no,no
208,< 0 DM,24,good,business,6568,< 100 DM,1 - 4 years,2,2,21,store,own,1,unskilled,1,no,no
209,unknown,12,good,car,1413,> 1000 DM,4 - 7 years,3,2,55,none,own,1,skilled,1,no,no
210,unknown,9,critical,furniture/appliances,3074,unknown,1 - 4 years,1,2,33,none,own,2,skilled,2,no,no
211,unknown,36,good,furniture/appliances,3835,unknown,> 7 years,2,4,45,none,own,1,unskilled,1,yes,no
212,< 0 DM,27,perfect,business,5293,< 100 DM,unemployed,2,4,50,store,own,2,skilled,1,yes,yes
213,> 200 DM,30,poor,business,1908,< 100 DM,> 7 years,4,4,66,none,own,1,management,1,yes,yes
214,unknown,36,critical,furniture/appliances,3342,unknown,> 7 years,4,2,51,none,own,1,skilled,1,yes,no
215,1 - 200 DM,6,critical,education,932,unknown,4 - 7 years,1,3,39,none,own,2,unskilled,1,no,no
216,< 0 DM,18,perfect,business,3104,< 100 DM,4 - 7 years,3,1,31,bank,own,1,skilled,1,yes,no
217,> 200 DM,36,good,furniture/appliances,3913,< 100 DM,1 - 4 years,2,2,23,none,own,1,skilled,1,yes,no
218,< 0 DM,24,good,furniture/appliances,3021,< 100 DM,1 - 4 years,2,2,24,none,rent,1,unskilled,1,no,no
219,unknown,10,good,car,1364,< 100 DM,1 - 4 years,2,4,64,none,own,1,skilled,1,yes,no
220,1 - 200 DM,12,good,furniture/appliances,625,< 100 DM,< 1 year,4,1,26,bank,own,1,unskilled,1,no,no
221,< 0 DM,12,good,education,1200,unknown,1 - 4 years,4,4,23,bank,rent,1,skilled,1,yes,no
222,unknown,12,good,furniture/appliances,707,< 100 DM,1 - 4 years,4,2,30,bank,own,2,skilled,1,no,no
223,unknown,24,poor,business,2978,unknown,1 - 4 years,4,4,32,none,own,2,skilled,2,yes,no
224,unknown,15,good,car,4657,< 100 DM,1 - 4 years,3,2,30,none,own,1,skilled,1,yes,no
225,unknown,36,perfect,renovations,2613,< 100 DM,1 - 4 years,4,2,27,none,own,2,skilled,1,no,no
226,1 - 200 DM,48,good,furniture/appliances,10961,> 1000 DM,4 - 7 years,1,2,27,bank,own,2,skilled,1,yes,yes
227,< 0 DM,12,good,furniture/appliances,7865,< 100 DM,> 7 years,4,4,53,none,other,1,management,1,yes,yes
228,unknown,9,good,furniture/appliances,1478,< 100 DM,4 - 7 years,4,2,22,none,own,1,skilled,1,no,yes
229,< 0 DM,24,good,furniture/appliances,3149,< 100 DM,< 1 year,4,1,22,bank,other,1,skilled,1,no,no
230,> 200 DM,36,good,furniture/appliances,4210,< 100 DM,1 - 4 years,4,2,26,none,own,1,skilled,1,no,yes
231,unknown,9,good,car,2507,500 - 1000 DM,> 7 years,2,4,51,none,other,1,unskilled,1,no,no
232,unknown,12,good,furniture/appliances,2141,100 - 500 DM,4 - 7 years,3,1,35,none,own,1,skilled,1,no,no
233,1 - 200 DM,18,good,furniture/appliances,866,< 100 DM,1 - 4 years,4,2,25,none,own,1,unskilled,1,no,no
234,unknown,4,critical,furniture/appliances,1544,< 100 DM,4 - 7 years,2,1,42,none,own,3,unskilled,2,no,no
235,< 0 DM,24,good,furniture/appliances,1823,< 100 DM,unemployed,4,2,30,store,own,1,management,2,no,yes
236,1 - 200 DM,6,good,car,14555,unknown,unemployed,1,2,23,none,own,1,unemployed,1,yes,yes
237,1 - 200 DM,21,good,business,2767,100 - 500 DM,> 7 years,4,2,61,bank,rent,2,unskilled,1,no,yes
238,unknown,12,critical,furniture/appliances,1291,< 100 DM,1 - 4 years,4,2,35,none,own,2,skilled,1,no,no
239,< 0 DM,30,good,furniture/appliances,2522,< 100 DM,> 7 years,1,3,39,none,own,1,skilled,2,no,no
240,< 0 DM,24,good,car,915,unknown,> 7 years,4,2,29,bank,own,1,skilled,1,no,yes
241,unknown,6,good,furniture/appliances,1595,< 100 DM,4 - 7 years,3,2,51,none,own,1,skilled,2,no,no
242,< 0 DM,48,perfect,car,4605,< 100 DM,> 7 years,3,4,24,none,other,2,skilled,2,no,yes
243,unknown,12,critical,business,1185,< 100 DM,1 - 4 years,3,2,27,none,own,2,skilled,1,no,no
244,unknown,12,very good,education,3447,500 - 1000 DM,1 - 4 years,4,3,35,none,own,1,unskilled,2,no,no
245,unknown,24,good,business,1258,< 100 DM,4 - 7 years,4,1,25,none,own,1,skilled,1,yes,no
246,unknown,12,critical,furniture/appliances,717,< 100 DM,> 7 years,4,4,52,none,own,3,skilled,1,no,no
247,unknown,6,perfect,car,1204,100 - 500 DM,1 - 4 years,4,1,35,bank,rent,1,skilled,1,no,no
248,> 200 DM,24,good,furniture/appliances,1925,< 100 DM,1 - 4 years,2,2,26,none,own,1,skilled,1,no,no
249,unknown,18,good,furniture/appliances,433,< 100 DM,unemployed,3,4,22,none,rent,1,skilled,1,no,yes
250,< 0 DM,6,critical,car,666,> 1000 DM,4 - 7 years,3,4,39,none,own,2,unskilled,1,yes,no
251,> 200 DM,12,good,furniture/appliances,2251,< 100 DM,1 - 4 years,1,2,46,none,own,1,unskilled,1,no,no
252,1 - 200 DM,30,good,car,2150,< 100 DM,1 - 4 years,4,2,24,bank,own,1,skilled,1,no,yes
253,unknown,24,poor,furniture/appliances,4151,100 - 500 DM,1 - 4 years,2,3,35,none,own,2,skilled,1,no,no
254,1 - 200 DM,9,good,furniture/appliances,2030,unknown,4 - 7 years,2,1,24,none,own,1,skilled,1,yes,no
255,1 - 200 DM,60,poor,furniture/appliances,7418,unknown,1 - 4 years,1,1,27,none,own,1,unskilled,1,no,no
256,unknown,24,critical,furniture/appliances,2684,< 100 DM,1 - 4 years,4,2,35,none,own,2,unskilled,1,no,no
257,< 0 DM,12,very good,furniture/appliances,2149,< 100 DM,1 - 4 years,4,1,29,none,other,1,skilled,1,no,yes
258,unknown,15,good,car,3812,100 - 500 DM,< 1 year,1,4,23,none,own,1,skilled,1,yes,no
259,unknown,11,critical,furniture/appliances,1154,100 - 500 DM,unemployed,4,4,57,none,own,3,unskilled,1,no,no
260,< 0 DM,12,good,furniture/appliances,1657,< 100 DM,1 - 4 years,2,2,27,none,own,1,skilled,1,no,no
261,< 0 DM,24,good,furniture/appliances,1603,< 100 DM,> 7 years,4,4,55,none,own,1,skilled,1,no,no
262,< 0 DM,18,critical,car,5302,< 100 DM,> 7 years,2,4,36,none,other,3,management,1,yes,no
263,unknown,12,critical,education,2748,< 100 DM,> 7 years,2,4,57,bank,other,3,unskilled,1,no,no
264,unknown,10,critical,car,1231,< 100 DM,> 7 years,3,4,32,none,own,2,unskilled,2,no,no
265,1 - 200 DM,15,good,furniture/appliances,802,< 100 DM,> 7 years,4,3,37,none,own,1,skilled,2,no,yes
266,unknown,36,critical,business,6304,unknown,> 7 years,4,4,36,none,own,2,skilled,1,no,no
267,unknown,24,good,furniture/appliances,1533,< 100 DM,< 1 year,4,3,38,store,own,1,skilled,1,yes,no
268,< 0 DM,14,good,car,8978,< 100 DM,> 7 years,1,4,45,none,own,1,management,1,yes,yes
269,unknown,24,good,furniture/appliances,999,unknown,> 7 years,4,2,25,none,own,2,skilled,1,no,no
270,unknown,18,good,car,2662,unknown,4 - 7 years,4,3,32,none,own,1,skilled,1,no,no
271,unknown,12,critical,furniture/appliances,1402,500 - 1000 DM,4 - 7 years,3,4,37,none,rent,1,skilled,1,yes,no
272,1 - 200 DM,48,very good,car,12169,unknown,unemployed,4,4,36,none,other,1,management,1,yes,no
273,1 - 200 DM,48,good,furniture/appliances,3060,< 100 DM,4 - 7 years,4,4,28,none,own,2,skilled,1,no,yes
274,< 0 DM,30,good,renovations,11998,< 100 DM,< 1 year,1,1,34,none,own,1,unskilled,1,yes,yes
275,unknown,9,good,furniture/appliances,2697,< 100 DM,1 - 4 years,1,2,32,none,own,1,skilled,2,no,no
276,unknown,18,critical,furniture/appliances,2404,< 100 DM,1 - 4 years,2,2,26,none,own,2,skilled,1,no,no
277,< 0 DM,12,good,furniture/appliances,1262,unknown,> 7 years,2,4,49,none,own,1,unskilled,1,yes,no
278,unknown,6,good,furniture/appliances,4611,< 100 DM,< 1 year,1,4,32,none,own,1,skilled,1,no,yes
279,unknown,24,good,furniture/appliances,1901,100 - 500 DM,1 - 4 years,4,4,29,none,rent,1,management,1,yes,no
280,unknown,15,critical,car,3368,> 1000 DM,> 7 years,3,4,23,none,rent,2,skilled,1,yes,no
281,unknown,12,good,furniture/appliances,1574,< 100 DM,1 - 4 years,4,2,50,none,own,1,skilled,1,no,no
282,> 200 DM,18,very good,furniture/appliances,1445,unknown,4 - 7 years,4,4,49,bank,own,1,unskilled,1,no,no
283,unknown,15,critical,furniture/appliances,1520,unknown,> 7 years,4,4,63,none,own,1,skilled,1,no,no
284,1 - 200 DM,24,critical,car,3878,100 - 500 DM,< 1 year,4,2,37,none,own,1,skilled,1,yes,no
285,< 0 DM,47,good,car,10722,< 100 DM,< 1 year,1,1,35,none,own,1,unskilled,1,yes,no
286,< 0 DM,48,good,car,4788,< 100 DM,4 - 7 years,4,3,26,none,own,1,skilled,2,no,no
287,1 - 200 DM,48,poor,car,7582,100 - 500 DM,unemployed,2,4,31,none,other,1,management,1,yes,no
288,1 - 200 DM,12,good,furniture/appliances,1092,< 100 DM,1 - 4 years,4,4,49,none,own,2,skilled,1,yes,no
289,< 0 DM,24,poor,furniture/appliances,1024,< 100 DM,< 1 year,4,4,48,store,own,1,skilled,1,no,yes
290,unknown,12,good,business,1076,< 100 DM,1 - 4 years,2,2,26,none,own,1,skilled,1,yes,no
291,1 - 200 DM,36,good,car,9398,< 100 DM,< 1 year,1,4,28,none,rent,1,management,1,yes,yes
292,< 0 DM,24,critical,car,6419,< 100 DM,> 7 years,2,4,44,none,other,2,management,2,yes,no
293,> 200 DM,42,critical,car,4796,< 100 DM,> 7 years,4,4,56,none,other,1,skilled,1,no,no
294,unknown,48,critical,business,7629,unknown,> 7 years,4,2,46,bank,own,2,management,2,no,no
295,1 - 200 DM,48,good,furniture/appliances,9960,< 100 DM,< 1 year,1,2,26,none,own,1,skilled,1,yes,yes
296,unknown,12,good,car,4675,unknown,< 1 year,1,4,20,none,rent,1,skilled,1,no,no
297,unknown,10,good,car,1287,unknown,> 7 years,4,2,45,none,own,1,unskilled,1,no,no
298,unknown,18,good,furniture/appliances,2515,< 100 DM,1 - 4 years,3,4,43,none,own,1,skilled,1,yes,no
299,1 - 200 DM,21,critical,furniture/appliances,2745,> 1000 DM,4 - 7 years,3,2,32,none,own,2,skilled,1,yes,no
300,unknown,6,good,car,672,< 100 DM,unemployed,1,4,54,none,own,1,unemployed,1,yes,no
301,1 - 200 DM,36,perfect,furniture/appliances,3804,< 100 DM,1 - 4 years,4,1,42,none,own,1,skilled,1,yes,yes
302,> 200 DM,24,critical,car,1344,unknown,4 - 7 years,4,2,37,bank,own,2,unskilled,2,no,yes
303,< 0 DM,10,critical,car,1038,< 100 DM,4 - 7 years,4,3,49,none,own,2,skilled,1,yes,no
304,unknown,48,critical,car,10127,500 - 1000 DM,1 - 4 years,2,2,44,bank,other,1,skilled,1,no,yes
305,unknown,6,good,furniture/appliances,1543,> 1000 DM,1 - 4 years,4,2,33,none,own,1,skilled,1,no,no
306,unknown,30,good,car,4811,unknown,4 - 7 years,2,4,24,store,rent,1,unskilled,1,no,no
307,< 0 DM,12,good,furniture/appliances,727,100 - 500 DM,< 1 year,4,3,33,none,own,1,unskilled,1,yes,yes
308,1 - 200 DM,8,good,furniture/appliances,1237,< 100 DM,1 - 4 years,3,4,24,none,own,1,skilled,1,no,yes
309,1 - 200 DM,9,good,car,276,< 100 DM,1 - 4 years,4,4,22,none,rent,1,unskilled,1,no,no
310,1 - 200 DM,48,good,car,5381,unknown,unemployed,3,4,40,bank,other,1,unemployed,1,yes,no
311,unknown,24,good,furniture/appliances,5511,100 - 500 DM,1 - 4 years,4,1,25,store,own,1,skilled,1,no,no
312,> 200 DM,24,good,furniture/appliances,3749,< 100 DM,< 1 year,2,4,26,none,own,1,skilled,1,no,no
313,1 - 200 DM,12,good,car,685,< 100 DM,4 - 7 years,2,3,25,bank,own,1,unskilled,1,no,yes
314,> 200 DM,4,good,car,1494,unknown,< 1 year,1,2,29,none,own,1,unskilled,2,no,no
315,< 0 DM,36,very good,furniture/appliances,2746,< 100 DM,> 7 years,4,4,31,bank,own,1,skilled,1,no,yes
316,< 0 DM,12,good,furniture/appliances,708,< 100 DM,1 - 4 years,2,3,38,none,own,1,unskilled,2,no,no
317,1 - 200 DM,24,good,furniture/appliances,4351,unknown,1 - 4 years,1,4,48,none,own,1,unskilled,1,yes,no
318,unknown,12,critical,education,701,< 100 DM,1 - 4 years,4,2,32,none,own,2,skilled,1,no,no
319,< 0 DM,15,poor,furniture/appliances,3643,< 100 DM,> 7 years,1,4,27,none,own,2,unskilled,1,no,no
320,1 - 200 DM,30,critical,car,4249,< 100 DM,unemployed,4,2,28,none,own,2,management,1,no,yes
321,< 0 DM,24,good,furniture/appliances,1938,< 100 DM,< 1 year,4,3,32,none,own,1,skilled,1,no,yes
322,< 0 DM,24,good,car,2910,< 100 DM,4 - 7 years,2,1,34,none,other,1,management,1,yes,no
323,< 0 DM,18,good,furniture/appliances,2659,> 1000 DM,1 - 4 years,4,2,28,none,own,1,skilled,1,no,no
324,unknown,18,critical,car,1028,< 100 DM,1 - 4 years,4,3,36,none,own,2,skilled,1,no,no
325,< 0 DM,8,critical,car,3398,< 100 DM,4 - 7 years,1,4,39,none,own,2,unskilled,1,no,no
326,unknown,12,critical,furniture/appliances,5801,unknown,> 7 years,2,4,49,none,rent,1,skilled,1,yes,no
327,unknown,24,good,car,1525,> 1000 DM,4 - 7 years,4,3,34,none,own,1,skilled,2,yes,no
328,> 200 DM,36,good,furniture/appliances,4473,< 100 DM,> 7 years,4,2,31,none,own,1,skilled,1,no,no
329,1 - 200 DM,6,good,furniture/appliances,1068,< 100 DM,> 7 years,4,4,28,none,own,1,skilled,2,no,no
330,< 0 DM,24,critical,car,6615,< 100 DM,unemployed,2,4,75,none,other,2,management,1,yes,no
331,unknown,18,critical,education,1864,100 - 500 DM,1 - 4 years,4,2,30,none,own,2,skilled,1,no,yes
332,1 - 200 DM,60,good,car,7408,100 - 500 DM,< 1 year,4,2,24,none,own,1,management,1,no,yes
333,unknown,48,critical,car,11590,100 - 500 DM,1 - 4 years,2,4,24,bank,rent,2,unskilled,1,no,yes
334,< 0 DM,24,perfect,furniture/appliances,4110,< 100 DM,> 7 years,3,4,23,bank,rent,2,skilled,2,no,yes
335,< 0 DM,6,critical,furniture/appliances,3384,< 100 DM,1 - 4 years,1,4,44,none,rent,1,management,1,yes,yes
336,1 - 200 DM,13,good,furniture/appliances,2101,< 100 DM,< 1 year,2,4,23,none,own,1,unskilled,1,no,no
337,< 0 DM,15,good,furniture/appliances,1275,unknown,1 - 4 years,4,2,24,none,rent,1,skilled,1,no,yes
338,< 0 DM,24,good,furniture/appliances,4169,< 100 DM,1 - 4 years,4,4,28,none,own,1,skilled,1,no,no
339,1 - 200 DM,10,good,furniture/appliances,1521,< 100 DM,1 - 4 years,4,2,31,none,own,1,unskilled,1,no,no
340,1 - 200 DM,24,critical,education,5743,< 100 DM,< 1 year,2,4,24,none,other,2,skilled,1,yes,no
341,< 0 DM,21,good,furniture/appliances,3599,< 100 DM,4 - 7 years,1,4,26,none,rent,1,unskilled,1,no,no
342,1 - 200 DM,18,good,furniture/appliances,3213,500 - 1000 DM,< 1 year,1,3,25,none,rent,1,skilled,1,no,no
343,1 - 200 DM,18,good,business,4439,< 100 DM,> 7 years,1,1,33,bank,own,1,management,1,yes,no
344,> 200 DM,10,good,car,3949,< 100 DM,< 1 year,1,1,37,none,own,1,unskilled,2,no,no
345,unknown,15,critical,furniture/appliances,1459,< 100 DM,1 - 4 years,4,2,43,none,own,1,unskilled,1,no,no
346,1 - 200 DM,13,critical,furniture/appliances,882,< 100 DM,< 1 year,4,4,23,none,own,2,skilled,1,no,no
347,1 - 200 DM,24,good,furniture/appliances,3758,500 - 1000 DM,unemployed,1,4,23,none,rent,1,unemployed,1,no,no
348,unknown,6,poor,business,1743,100 - 500 DM,1 - 4 years,1,2,34,none,own,2,unskilled,1,no,no
349,1 - 200 DM,9,critical,education,1136,> 1000 DM,> 7 years,4,3,32,none,other,2,skilled,2,no,yes
350,unknown,9,good,furniture/appliances,1236,< 100 DM,< 1 year,1,4,23,none,rent,1,skilled,1,yes,no
351,1 - 200 DM,9,good,furniture/appliances,959,< 100 DM,1 - 4 years,1,2,29,none,own,1,skilled,1,no,yes
352,unknown,18,critical,car,3229,unknown,unemployed,2,4,38,none,own,1,management,1,yes,no
353,< 0 DM,12,perfect,furniture/appliances,6199,< 100 DM,1 - 4 years,4,2,28,none,rent,2,skilled,1,yes,yes
354,unknown,10,good,education,727,500 - 1000 DM,> 7 years,4,4,46,none,other,1,skilled,1,yes,no
355,1 - 200 DM,24,good,car,1246,< 100 DM,< 1 year,4,2,23,store,own,1,unskilled,1,no,yes
356,unknown,12,critical,furniture/appliances,2331,unknown,> 7 years,1,4,49,none,own,1,skilled,1,yes,no
357,unknown,36,poor,furniture/appliances,4463,< 100 DM,1 - 4 years,4,2,26,none,own,2,management,1,yes,yes
358,unknown,12,good,furniture/appliances,776,< 100 DM,1 - 4 years,4,2,28,none,own,1,skilled,1,no,no
359,< 0 DM,30,good,furniture/appliances,2406,< 100 DM,4 - 7 years,4,4,23,none,rent,1,skilled,1,no,yes
360,1 - 200 DM,18,good,education,1239,unknown,1 - 4 years,4,4,61,none,other,1,skilled,1,no,no
361,> 200 DM,12,good,furniture/appliances,3399,unknown,> 7 years,2,3,37,none,own,1,management,1,no,no
362,> 200 DM,12,poor,car,2247,< 100 DM,1 - 4 years,2,2,36,store,own,2,skilled,1,yes,no
363,unknown,6,good,furniture/appliances,1766,< 100 DM,1 - 4 years,1,2,21,none,rent,1,skilled,1,no,no
364,< 0 DM,18,good,furniture/appliances,2473,< 100 DM,unemployed,4,1,25,none,own,1,unemployed,1,no,yes
365,unknown,12,good,business,1542,< 100 DM,4 - 7 years,2,4,36,none,own,1,skilled,1,yes,no
366,unknown,18,critical,car,3850,< 100 DM,4 - 7 years,3,1,27,none,own,2,skilled,1,no,no
367,< 0 DM,18,good,furniture/appliances,3650,< 100 DM,< 1 year,1,4,22,none,rent,1,skilled,1,no,no
368,< 0 DM,36,good,furniture/appliances,3446,< 100 DM,> 7 years,4,2,42,none,own,1,skilled,2,no,yes
369,1 - 200 DM,18,good,furniture/appliances,3001,< 100 DM,4 - 7 years,2,4,40,none,rent,1,skilled,1,no,no
370,unknown,36,good,car,3079,unknown,1 - 4 years,4,4,36,none,own,1,skilled,1,no,no
371,unknown,18,critical,furniture/appliances,6070,< 100 DM,> 7 years,3,4,33,none,own,2,skilled,1,yes,no
372,unknown,10,critical,furniture/appliances,2146,< 100 DM,< 1 year,1,3,23,none,rent,2,skilled,1,no,no
373,unknown,60,critical,car,13756,unknown,> 7 years,2,4,63,bank,other,1,management,1,yes,no
374,1 - 200 DM,60,very good,car,14782,100 - 500 DM,> 7 years,3,4,60,bank,other,2,management,1,yes,yes
375,< 0 DM,48,very good,business,7685,< 100 DM,4 - 7 years,2,4,37,none,rent,1,skilled,1,no,yes
376,unknown,18,poor,furniture/appliances,2320,< 100 DM,unemployed,2,3,34,none,own,2,skilled,1,no,no
377,unknown,7,poor,furniture/appliances,846,unknown,> 7 years,3,4,36,none,other,1,skilled,1,no,no
378,1 - 200 DM,36,good,car,14318,< 100 DM,> 7 years,4,2,57,none,other,1,management,1,yes,yes
379,unknown,6,critical,car,362,100 - 500 DM,1 - 4 years,4,4,52,none,own,2,unskilled,1,no,no
380,< 0 DM,20,good,furniture/appliances,2212,unknown,4 - 7 years,4,4,39,none,own,1,skilled,1,yes,no
381,1 - 200 DM,18,good,car,12976,< 100 DM,unemployed,3,4,38,none,other,1,management,1,yes,yes
382,unknown,22,good,car,1283,unknown,4 - 7 years,4,4,25,none,rent,1,skilled,1,no,no
383,> 200 DM,12,good,car,1330,< 100 DM,< 1 year,4,1,26,none,own,1,skilled,1,no,no
384,unknown,30,poor,business,4272,100 - 500 DM,1 - 4 years,2,2,26,none,own,2,unskilled,1,no,no
385,unknown,18,critical,furniture/appliances,2238,< 100 DM,1 - 4 years,2,1,25,none,own,2,skilled,1,no,no
386,unknown,18,good,furniture/appliances,1126,unknown,< 1 year,4,2,21,none,rent,1,skilled,1,yes,no
387,1 - 200 DM,18,critical,furniture/appliances,7374,< 100 DM,unemployed,4,4,40,store,own,2,management,1,yes,no
388,1 - 200 DM,15,critical,business,2326,500 - 1000 DM,1 - 4 years,2,4,27,bank,own,1,skilled,1,no,no
389,unknown,9,good,business,1449,< 100 DM,4 - 7 years,3,2,27,none,own,2,skilled,1,no,no
390,unknown,18,good,car,1820,< 100 DM,1 - 4 years,2,2,30,none,own,1,management,1,yes,no
391,1 - 200 DM,12,good,furniture/appliances,983,> 1000 DM,< 1 year,1,4,19,none,rent,1,unskilled,1,no,no
392,< 0 DM,36,good,car,3249,< 100 DM,4 - 7 years,2,4,39,bank,other,1,management,2,yes,no
393,< 0 DM,6,critical,furniture/appliances,1957,< 100 DM,4 - 7 years,1,4,31,none,own,1,skilled,1,no,no
394,unknown,9,critical,furniture/appliances,2406,< 100 DM,unemployed,2,3,31,none,own,1,management,1,no,no
395,1 - 200 DM,39,poor,education,11760,100 - 500 DM,4 - 7 years,2,3,32,none,rent,1,skilled,1,yes,no
396,< 0 DM,12,good,furniture/appliances,2578,< 100 DM,unemployed,3,4,55,none,other,1,management,1,no,no
397,< 0 DM,36,critical,furniture/appliances,2348,< 100 DM,1 - 4 years,3,2,46,none,own,2,skilled,1,yes,no
398,1 - 200 DM,12,good,car,1223,< 100 DM,> 7 years,1,1,46,none,rent,2,skilled,1,no,yes
399,unknown,24,critical,furniture/appliances,1516,> 1000 DM,1 - 4 years,4,1,43,none,own,2,unskilled,1,no,no
400,unknown,18,good,furniture/appliances,1473,< 100 DM,< 1 year,3,4,39,none,own,1,skilled,1,yes,no
401,1 - 200 DM,18,critical,business,1887,unknown,1 - 4 years,4,4,28,bank,own,2,skilled,1,no,no
402,unknown,24,poor,business,8648,< 100 DM,< 1 year,2,2,27,bank,own,2,skilled,1,yes,yes
403,unknown,14,poor,car,802,< 100 DM,1 - 4 years,4,2,27,none,own,2,unskilled,1,no,no
404,1 - 200 DM,18,poor,car,2899,unknown,> 7 years,4,4,43,none,own,1,skilled,2,no,no
405,1 - 200 DM,24,good,furniture/appliances,2039,< 100 DM,< 1 year,1,1,22,none,own,1,skilled,1,yes,yes
406,unknown,24,critical,car,2197,unknown,4 - 7 years,4,4,43,none,own,2,skilled,2,yes,no
407,< 0 DM,15,good,furniture/appliances,1053,< 100 DM,< 1 year,4,2,27,none,own,1,skilled,1,no,no
408,unknown,24,good,furniture/appliances,3235,500 - 1000 DM,> 7 years,3,2,26,none,own,1,management,1,yes,no
409,> 200 DM,12,critical,car,939,500 - 1000 DM,4 - 7 years,4,2,28,none,own,3,skilled,1,yes,yes
410,1 - 200 DM,24,good,furniture/appliances,1967,< 100 DM,> 7 years,4,4,20,none,own,1,skilled,1,yes,no
411,unknown,33,critical,car,7253,< 100 DM,4 - 7 years,3,2,35,none,own,2,management,1,yes,no
412,unknown,12,critical,business,2292,< 100 DM,unemployed,4,2,42,store,own,2,management,1,yes,yes
413,unknown,10,good,car,1597,500 - 1000 DM,1 - 4 years,3,2,40,none,rent,1,unskilled,2,no,no
414,< 0 DM,24,good,car,1381,unknown,1 - 4 years,4,2,35,none,own,1,skilled,1,no,yes
415,unknown,36,critical,car,5842,< 100 DM,> 7 years,2,2,35,none,own,2,skilled,2,yes,no
416,< 0 DM,12,good,car,2579,< 100 DM,< 1 year,4,1,33,none,own,1,unskilled,2,no,yes
417,< 0 DM,18,poor,education,8471,unknown,1 - 4 years,1,2,23,none,rent,2,skilled,1,yes,no
418,unknown,21,good,car,2782,500 - 1000 DM,4 - 7 years,1,2,31,bank,own,1,management,1,no,no
419,1 - 200 DM,18,good,car,1042,unknown,1 - 4 years,4,2,33,none,own,1,skilled,1,no,yes
420,unknown,15,good,car,3186,> 1000 DM,4 - 7 years,2,3,20,none,rent,1,skilled,1,no,no
421,1 - 200 DM,12,good,car,2028,unknown,1 - 4 years,4,2,30,none,own,1,skilled,1,no,no
422,1 - 200 DM,12,critical,car,958,< 100 DM,4 - 7 years,2,3,47,none,own,2,unskilled,2,no,no
423,unknown,21,poor,furniture/appliances,1591,100 - 500 DM,4 - 7 years,4,3,34,none,own,2,management,1,no,no
424,1 - 200 DM,12,good,furniture/appliances,2762,unknown,> 7 years,1,2,25,bank,own,1,skilled,1,yes,yes
425,1 - 200 DM,18,good,car,2779,< 100 DM,1 - 4 years,1,3,21,none,rent,1,skilled,1,yes,no
426,unknown,28,critical,furniture/appliances,2743,< 100 DM,> 7 years,4,2,29,none,own,2,skilled,1,no,no
427,unknown,18,critical,furniture/appliances,1149,> 1000 DM,1 - 4 years,4,3,46,none,own,2,skilled,1,no,no
428,unknown,9,good,furniture/appliances,1313,< 100 DM,> 7 years,1,4,20,none,own,1,skilled,1,no,no
429,< 0 DM,18,critical,renovations,1190,< 100 DM,unemployed,2,4,55,none,other,3,unemployed,2,no,yes
430,unknown,5,good,business,3448,< 100 DM,4 - 7 years,1,4,74,none,own,1,unskilled,1,no,no
431,1 - 200 DM,24,good,car,11328,< 100 DM,1 - 4 years,2,3,29,bank,own,2,management,1,yes,yes
432,< 0 DM,6,critical,furniture/appliances,1872,< 100 DM,unemployed,4,4,36,none,other,3,management,1,yes,no
433,unknown,24,critical,renovations,2058,< 100 DM,1 - 4 years,4,2,33,none,own,2,skilled,1,yes,no
434,< 0 DM,9,good,furniture/appliances,2136,< 100 DM,1 - 4 years,3,2,25,none,own,1,skilled,1,no,no
435,1 - 200 DM,12,good,furniture/appliances,1484,unknown,1 - 4 years,2,1,25,none,own,1,skilled,1,yes,yes
436,unknown,6,good,renovations,660,500 - 1000 DM,4 - 7 years,2,4,23,none,rent,1,unskilled,1,no,no
437,unknown,24,critical,car,1287,> 1000 DM,> 7 years,4,4,37,none,own,2,skilled,1,yes,no
438,< 0 DM,42,critical,renovations,3394,< 100 DM,unemployed,4,4,65,none,own,2,unemployed,1,no,no
439,> 200 DM,12,very good,business,609,< 100 DM,< 1 year,4,1,26,none,own,1,unemployed,1,no,yes
440,unknown,12,good,car,1884,< 100 DM,> 7 years,4,4,39,none,own,1,management,1,yes,no
441,< 0 DM,12,good,furniture/appliances,1620,< 100 DM,1 - 4 years,2,3,30,none,own,1,skilled,1,no,no
442,1 - 200 DM,20,poor,car,2629,< 100 DM,1 - 4 years,2,3,29,bank,own,2,skilled,1,yes,no
443,unknown,12,good,education,719,< 100 DM,> 7 years,4,4,41,bank,own,1,unskilled,2,no,yes
444,1 - 200 DM,48,critical,furniture/appliances,5096,< 100 DM,1 - 4 years,2,3,30,none,own,1,management,1,yes,yes
445,unknown,9,critical,education,1244,unknown,> 7 years,4,4,41,none,rent,2,unskilled,1,no,no
446,< 0 DM,36,good,car,1842,< 100 DM,< 1 year,4,4,34,none,own,1,skilled,1,yes,yes
447,1 - 200 DM,7,good,furniture/appliances,2576,< 100 DM,1 - 4 years,2,2,35,none,own,1,skilled,1,no,no
448,> 200 DM,12,good,furniture/appliances,1424,unknown,> 7 years,3,4,55,none,own,1,management,1,yes,no
449,1 - 200 DM,15,poor,renovations,1512,> 1000 DM,1 - 4 years,3,3,61,store,own,2,skilled,1,no,yes
450,unknown,36,critical,car,11054,unknown,1 - 4 years,4,2,30,none,own,1,management,1,yes,no
451,unknown,6,good,furniture/appliances,518,< 100 DM,1 - 4 years,3,1,29,none,own,1,skilled,1,no,no
452,unknown,12,perfect,furniture/appliances,2759,< 100 DM,> 7 years,2,4,34,none,own,2,skilled,1,no,no
453,unknown,24,good,car,2670,< 100 DM,> 7 years,4,4,35,none,own,1,management,1,yes,no
454,< 0 DM,24,good,car,4817,< 100 DM,4 - 7 years,2,3,31,none,own,1,skilled,1,yes,yes
455,unknown,24,good,car,2679,< 100 DM,< 1 year,4,1,29,none,own,1,management,1,yes,no
456,< 0 DM,11,critical,car,3905,< 100 DM,1 - 4 years,2,2,36,none,rent,2,skilled,2,no,no
457,< 0 DM,12,good,car,3386,< 100 DM,> 7 years,3,4,35,none,other,1,skilled,1,yes,yes
458,< 0 DM,6,good,furniture/appliances,343,< 100 DM,< 1 year,4,1,27,none,own,1,skilled,1,no,no
459,unknown,18,good,furniture/appliances,4594,< 100 DM,< 1 year,3,2,32,none,own,1,skilled,1,yes,no
460,< 0 DM,36,good,furniture/appliances,3620,< 100 DM,1 - 4 years,1,2,37,none,own,1,skilled,2,no,no
461,< 0 DM,15,good,car,1721,< 100 DM,< 1 year,2,3,36,none,own,1,skilled,1,no,no
462,1 - 200 DM,12,good,furniture/appliances,3017,< 100 DM,< 1 year,3,1,34,none,rent,1,management,1,no,no
463,1 - 200 DM,12,good,education,754,unknown,> 7 years,4,4,38,none,own,2,skilled,1,no,no
464,unknown,18,good,business,1950,< 100 DM,4 - 7 years,4,1,34,store,own,2,skilled,1,yes,no
465,< 0 DM,24,good,car,2924,< 100 DM,1 - 4 years,3,4,63,bank,own,1,skilled,2,yes,no
466,< 0 DM,24,poor,furniture/appliances,1659,< 100 DM,< 1 year,4,2,29,none,rent,1,unskilled,1,yes,yes
467,unknown,48,poor,furniture/appliances,7238,unknown,> 7 years,3,3,32,bank,own,2,skilled,2,no,no
468,unknown,33,poor,business,2764,< 100 DM,1 - 4 years,2,2,26,none,own,2,skilled,1,yes,no
469,unknown,24,poor,car,4679,< 100 DM,4 - 7 years,3,3,35,none,own,2,unskilled,1,yes,no
470,1 - 200 DM,24,good,furniture/appliances,3092,100 - 500 DM,< 1 year,3,2,22,none,rent,1,skilled,1,yes,yes
471,< 0 DM,6,good,education,448,< 100 DM,< 1 year,4,4,23,none,own,1,skilled,1,no,yes
472,< 0 DM,9,good,car,654,< 100 DM,1 - 4 years,4,3,28,none,own,1,unskilled,1,no,yes
473,unknown,6,good,education,1238,unknown,unemployed,4,4,36,none,own,1,management,2,yes,no
474,1 - 200 DM,18,critical,furniture/appliances,1245,< 100 DM,1 - 4 years,4,2,33,none,own,1,skilled,1,no,yes
475,< 0 DM,18,perfect,furniture/appliances,3114,< 100 DM,< 1 year,1,4,26,none,rent,1,skilled,1,no,yes
476,unknown,39,good,car,2569,500 - 1000 DM,1 - 4 years,4,4,24,none,own,1,skilled,1,no,no
477,> 200 DM,24,good,furniture/appliances,5152,< 100 DM,4 - 7 years,4,2,25,bank,own,1,skilled,1,no,no
478,1 - 200 DM,12,good,business,1037,100 - 500 DM,4 - 7 years,3,4,39,none,own,1,unskilled,1,no,no
479,< 0 DM,15,critical,furniture/appliances,1478,< 100 DM,> 7 years,4,4,44,none,own,2,skilled,2,yes,no
480,1 - 200 DM,12,critical,furniture/appliances,3573,< 100 DM,1 - 4 years,1,1,23,none,own,1,unskilled,1,no,no
481,1 - 200 DM,24,good,car,1201,< 100 DM,< 1 year,4,1,26,none,own,1,skilled,1,no,no
482,< 0 DM,30,good,furniture/appliances,3622,> 1000 DM,> 7 years,4,4,57,none,rent,2,skilled,1,yes,no
483,unknown,15,poor,furniture/appliances,960,> 1000 DM,4 - 7 years,3,2,30,none,own,2,skilled,1,no,no
484,unknown,12,critical,car,1163,500 - 1000 DM,1 - 4 years,4,4,44,none,own,1,skilled,1,yes,no
485,1 - 200 DM,6,poor,car,1209,< 100 DM,unemployed,4,4,47,none,own,1,management,1,yes,yes
486,unknown,12,good,furniture/appliances,3077,< 100 DM,1 - 4 years,2,4,52,none,own,1,skilled,1,yes,no
487,unknown,24,good,car,3757,< 100 DM,> 7 years,4,4,62,none,other,1,skilled,1,yes,no
488,unknown,10,good,car,1418,100 - 500 DM,1 - 4 years,3,2,35,none,rent,1,unskilled,1,no,no
489,unknown,6,good,car,3518,< 100 DM,1 - 4 years,2,3,26,none,rent,1,skilled,1,no,no
490,unknown,12,critical,furniture/appliances,1934,< 100 DM,> 7 years,2,2,26,none,own,2,skilled,1,no,no
491,1 - 200 DM,27,perfect,business,8318,< 100 DM,> 7 years,2,4,42,none,other,2,management,1,yes,yes
492,unknown,6,critical,furniture/appliances,1237,100 - 500 DM,1 - 4 years,1,1,27,none,own,2,skilled,1,no,no
493,1 - 200 DM,6,good,furniture/appliances,368,unknown,> 7 years,4,4,38,none,own,1,skilled,1,no,no
494,< 0 DM,12,critical,car,2122,< 100 DM,1 - 4 years,3,2,39,none,rent,2,unskilled,2,no,no
495,< 0 DM,24,good,furniture/appliances,2996,unknown,1 - 4 years,2,4,20,none,own,1,skilled,1,no,yes
496,1 - 200 DM,36,good,furniture/appliances,9034,100 - 500 DM,< 1 year,4,1,29,none,rent,1,management,1,yes,yes
497,unknown,24,critical,furniture/appliances,1585,< 100 DM,4 - 7 years,4,3,40,none,own,2,skilled,1,no,no
498,1 - 200 DM,18,good,furniture/appliances,1301,< 100 DM,> 7 years,4,2,32,none,own,1,unskilled,1,no,no
499,> 200 DM,6,critical,car,1323,100 - 500 DM,> 7 years,2,4,28,none,own,2,skilled,2,yes,no
500,< 0 DM,24,good,car,3123,< 100 DM,< 1 year,4,1,27,none,own,1,skilled,1,no,yes
501,< 0 DM,36,good,car,5493,< 100 DM,> 7 years,2,4,42,none,other,1,skilled,2,no,no
502,> 200 DM,9,good,furniture/appliances,1126,100 - 500 DM,> 7 years,2,4,49,none,own,1,skilled,1,no,no
503,1 - 200 DM,24,critical,furniture/appliances,1216,100 - 500 DM,< 1 year,4,4,38,bank,own,2,skilled,2,no,yes
504,< 0 DM,24,good,car,1207,< 100 DM,< 1 year,4,4,24,none,rent,1,skilled,1,no,yes
505,unknown,10,good,car,1309,unknown,1 - 4 years,4,4,27,none,own,1,unskilled,1,no,yes
506,> 200 DM,15,critical,car,2360,500 - 1000 DM,1 - 4 years,2,2,36,none,own,1,skilled,1,yes,no
507,1 - 200 DM,15,very good,car,6850,100 - 500 DM,unemployed,1,2,34,none,own,1,management,2,yes,yes
508,unknown,24,good,furniture/appliances,1413,< 100 DM,1 - 4 years,4,2,28,none,own,1,skilled,1,no,no
509,unknown,39,good,car,8588,100 - 500 DM,> 7 years,4,2,45,none,own,1,management,1,yes,no
510,< 0 DM,12,good,car,759,< 100 DM,4 - 7 years,4,2,26,none,own,1,skilled,1,no,yes
511,unknown,36,good,car,4686,< 100 DM,1 - 4 years,2,2,32,none,other,1,management,1,yes,no
512,> 200 DM,15,good,business,2687,< 100 DM,4 - 7 years,2,4,26,none,rent,1,skilled,1,yes,no
513,1 - 200 DM,12,poor,furniture/appliances,585,< 100 DM,1 - 4 years,4,4,20,none,rent,2,skilled,1,no,no
514,unknown,24,good,car,2255,unknown,< 1 year,4,1,54,none,own,1,skilled,1,no,no
515,< 0 DM,6,critical,car,609,< 100 DM,4 - 7 years,4,3,37,none,own,2,skilled,1,no,no
516,< 0 DM,6,critical,car,1361,< 100 DM,< 1 year,2,4,40,none,own,1,unskilled,2,no,no
517,unknown,36,critical,furniture/appliances,7127,< 100 DM,< 1 year,2,4,23,none,rent,2,skilled,1,yes,yes
518,< 0 DM,6,good,car,1203,100 - 500 DM,> 7 years,3,2,43,none,own,1,skilled,1,yes,no
519,unknown,6,critical,furniture/appliances,700,unknown,> 7 years,4,4,36,none,other,2,skilled,1,no,no
520,unknown,24,critical,renovations,5507,< 100 DM,> 7 years,3,4,44,none,other,2,skilled,1,no,no
521,< 0 DM,18,good,furniture/appliances,3190,< 100 DM,1 - 4 years,2,2,24,none,own,1,skilled,1,no,yes
522,< 0 DM,48,perfect,furniture/appliances,7119,< 100 DM,1 - 4 years,3,4,53,none,other,2,skilled,2,no,yes
523,unknown,24,good,car,3488,100 - 500 DM,4 - 7 years,3,4,23,none,own,1,skilled,1,no,no
524,1 - 200 DM,18,good,furniture/appliances,1113,< 100 DM,1 - 4 years,4,4,26,none,own,1,unskilled,2,no,no
525,1 - 200 DM,26,good,car,7966,< 100 DM,< 1 year,2,3,30,none,own,2,skilled,1,no,no
526,unknown,15,critical,education,1532,100 - 500 DM,1 - 4 years,4,3,31,none,own,1,skilled,1,no,no
527,unknown,4,critical,furniture/appliances,1503,< 100 DM,4 - 7 years,2,1,42,none,own,2,unskilled,2,no,no
528,< 0 DM,36,good,furniture/appliances,2302,< 100 DM,1 - 4 years,4,4,31,none,rent,1,skilled,1,no,yes
529,< 0 DM,6,good,car,662,< 100 DM,< 1 year,3,4,41,none,own,1,unskilled,2,yes,no
530,1 - 200 DM,36,good,education,2273,< 100 DM,4 - 7 years,3,1,32,none,own,2,skilled,2,no,no
531,1 - 200 DM,15,good,car,2631,100 - 500 DM,1 - 4 years,2,4,28,none,rent,2,skilled,1,yes,yes
532,unknown,12,poor,car,1503,< 100 DM,1 - 4 years,4,4,41,none,rent,1,skilled,1,no,no
533,unknown,24,good,furniture/appliances,1311,100 - 500 DM,4 - 7 years,4,3,26,none,own,1,skilled,1,yes,no
534,unknown,24,good,furniture/appliances,3105,unknown,< 1 year,4,2,25,none,own,2,skilled,1,no,no
535,> 200 DM,21,critical,education,2319,< 100 DM,< 1 year,2,1,33,none,rent,1,skilled,1,no,yes
536,< 0 DM,6,good,car,1374,unknown,unemployed,4,3,75,none,own,1,management,1,yes,no
537,1 - 200 DM,18,critical,furniture/appliances,3612,< 100 DM,> 7 years,3,4,37,none,own,1,skilled,1,yes,no
538,< 0 DM,48,good,car,7763,< 100 DM,> 7 years,4,4,42,bank,other,1,management,1,no,yes
539,> 200 DM,18,good,furniture/appliances,3049,< 100 DM,< 1 year,1,1,45,store,own,1,unskilled,1,no,no
540,1 - 200 DM,12,good,furniture/appliances,1534,< 100 DM,< 1 year,1,1,23,none,rent,1,skilled,1,no,yes
541,unknown,24,poor,car,2032,< 100 DM,> 7 years,4,4,60,none,other,2,skilled,1,yes,no
542,< 0 DM,30,good,furniture/appliances,6350,unknown,> 7 years,4,4,31,none,own,1,skilled,1,no,yes
543,> 200 DM,18,good,furniture/appliances,2864,< 100 DM,1 - 4 years,2,1,34,none,own,1,unskilled,2,no,yes
544,unknown,12,critical,car,1255,< 100 DM,> 7 years,4,4,61,none,own,2,unskilled,1,no,no
545,< 0 DM,24,poor,car,1333,< 100 DM,unemployed,4,2,43,none,other,2,skilled,2,no,yes
546,unknown,24,critical,car,2022,< 100 DM,1 - 4 years,4,4,37,none,own,1,skilled,1,yes,no
547,unknown,24,good,furniture/appliances,1552,< 100 DM,4 - 7 years,3,1,32,bank,own,1,skilled,2,no,no
548,< 0 DM,12,very good,furniture/appliances,626,< 100 DM,1 - 4 years,4,4,24,bank,own,1,unskilled,1,no,yes
549,unknown,48,critical,car,8858,unknown,4 - 7 years,2,1,35,none,other,2,skilled,1,yes,no
550,unknown,12,critical,renovations,996,unknown,4 - 7 years,4,4,23,none,own,2,skilled,1,no,no
551,unknown,6,very good,furniture/appliances,1750,500 - 1000 DM,> 7 years,2,4,45,bank,own,1,unskilled,2,no,no
552,< 0 DM,48,good,furniture/appliances,6999,< 100 DM,4 - 7 years,1,1,34,none,own,2,skilled,1,yes,yes
553,1 - 200 DM,12,critical,car,1995,100 - 500 DM,< 1 year,4,1,27,none,own,1,skilled,1,no,no
554,1 - 200 DM,9,good,education,1199,< 100 DM,4 - 7 years,4,4,67,none,own,2,management,1,yes,no
555,1 - 200 DM,12,good,furniture/appliances,1331,< 100 DM,< 1 year,2,1,22,store,own,1,skilled,1,no,yes
556,1 - 200 DM,18,perfect,car,2278,100 - 500 DM,< 1 year,3,3,28,none,own,2,skilled,1,no,yes
557,unknown,21,perfect,car,5003,unknown,1 - 4 years,1,4,29,bank,own,2,skilled,1,yes,yes
558,< 0 DM,24,very good,furniture/appliances,3552,< 100 DM,4 - 7 years,3,4,27,bank,own,1,skilled,1,no,yes
559,1 - 200 DM,18,critical,furniture/appliances,1928,< 100 DM,< 1 year,2,2,31,none,own,2,unskilled,1,no,yes
560,< 0 DM,24,good,car,2964,unknown,> 7 years,4,4,49,bank,other,1,skilled,2,yes,no
561,< 0 DM,24,very good,furniture/appliances,1546,< 100 DM,4 - 7 years,4,4,24,bank,rent,1,unskilled,1,no,yes
562,> 200 DM,6,poor,furniture/appliances,683,< 100 DM,< 1 year,2,1,29,bank,own,1,skilled,1,no,no
563,1 - 200 DM,36,good,car,12389,unknown,1 - 4 years,1,4,37,none,other,1,skilled,1,yes,yes
564,1 - 200 DM,24,poor,business,4712,unknown,1 - 4 years,4,2,37,bank,own,2,management,1,yes,no
565,1 - 200 DM,24,poor,furniture/appliances,1553,100 - 500 DM,4 - 7 years,3,2,23,none,rent,2,skilled,1,yes,no
566,< 0 DM,12,good,car,1372,< 100 DM,4 - 7 years,2,3,36,none,own,1,skilled,1,no,yes
567,unknown,24,critical,furniture/appliances,2578,> 1000 DM,> 7 years,2,2,34,none,own,1,skilled,1,no,no
568,1 - 200 DM,48,good,furniture/appliances,3979,unknown,4 - 7 years,4,1,41,none,own,2,skilled,2,yes,no
569,< 0 DM,48,good,furniture/appliances,6758,< 100 DM,1 - 4 years,3,2,31,none,own,1,skilled,1,yes,yes
570,< 0 DM,24,good,furniture/appliances,3234,< 100 DM,< 1 year,4,4,23,none,rent,1,unskilled,1,yes,yes
571,unknown,30,critical,furniture/appliances,5954,< 100 DM,4 - 7 years,3,2,38,none,own,1,skilled,1,no,no
572,unknown,24,good,car,5433,unknown,unemployed,2,4,26,none,rent,1,management,1,yes,no
573,< 0 DM,15,good,business,806,< 100 DM,1 - 4 years,4,4,22,none,own,1,unskilled,1,no,no
574,1 - 200 DM,9,good,furniture/appliances,1082,< 100 DM,> 7 years,4,4,27,none,own,2,unskilled,1,no,no
575,unknown,15,critical,furniture/appliances,2788,< 100 DM,4 - 7 years,2,3,24,bank,own,2,skilled,1,no,no
576,1 - 200 DM,12,good,furniture/appliances,2930,< 100 DM,4 - 7 years,2,1,27,none,own,1,skilled,1,no,no
577,unknown,24,critical,education,1927,unknown,1 - 4 years,3,2,33,none,own,2,skilled,1,yes,no
578,1 - 200 DM,36,critical,car,2820,< 100 DM,< 1 year,4,4,27,none,own,2,skilled,1,no,yes
579,unknown,24,good,education,937,< 100 DM,< 1 year,4,3,27,none,own,2,unskilled,1,no,no
580,1 - 200 DM,18,critical,car,1056,< 100 DM,> 7 years,3,3,30,bank,own,2,skilled,1,no,yes
581,1 - 200 DM,12,critical,car,3124,< 100 DM,< 1 year,1,3,49,bank,own,2,unskilled,2,no,no
582,unknown,9,good,furniture/appliances,1388,< 100 DM,1 - 4 years,4,2,26,none,rent,1,skilled,1,no,no
583,1 - 200 DM,36,good,renovations,2384,< 100 DM,< 1 year,4,1,33,none,rent,1,unskilled,1,no,yes
584,unknown,12,good,car,2133,unknown,> 7 years,4,4,52,none,other,1,management,1,yes,no
585,< 0 DM,18,good,furniture/appliances,2039,< 100 DM,1 - 4 years,1,4,20,bank,rent,1,skilled,1,no,yes
586,< 0 DM,9,critical,car,2799,< 100 DM,1 - 4 years,2,2,36,none,rent,2,skilled,2,no,no
587,< 0 DM,12,good,furniture/appliances,1289,< 100 DM,1 - 4 years,4,1,21,none,own,1,unskilled,1,no,no
588,< 0 DM,18,good,furniture/appliances,1217,< 100 DM,1 - 4 years,4,3,47,none,own,1,unskilled,1,yes,yes
589,< 0 DM,12,critical,furniture/appliances,2246,< 100 DM,> 7 years,3,3,60,none,own,2,skilled,1,no,yes
590,< 0 DM,12,critical,furniture/appliances,385,< 100 DM,4 - 7 years,4,3,58,none,own,4,unskilled,1,yes,no
591,1 - 200 DM,24,poor,car,1965,unknown,1 - 4 years,4,4,42,none,rent,2,skilled,1,yes,no
592,unknown,21,good,business,1572,> 1000 DM,> 7 years,4,4,36,bank,own,1,unskilled,1,no,no
593,1 - 200 DM,24,good,car,2718,< 100 DM,1 - 4 years,3,4,20,none,rent,1,unskilled,1,yes,yes
594,< 0 DM,24,very good,car,1358,unknown,> 7 years,4,3,40,store,own,1,management,1,yes,yes
595,1 - 200 DM,6,very good,car,931,100 - 500 DM,< 1 year,1,1,32,store,own,1,unskilled,1,no,yes
596,< 0 DM,24,good,car,1442,< 100 DM,4 - 7 years,4,4,23,none,rent,2,skilled,1,no,yes
597,1 - 200 DM,24,perfect,business,4241,< 100 DM,1 - 4 years,1,4,36,none,own,3,unskilled,1,yes,yes
598,unknown,18,critical,car,2775,< 100 DM,4 - 7 years,2,2,31,bank,own,2,skilled,1,no,yes
599,unknown,24,poor,business,3863,< 100 DM,1 - 4 years,1,2,32,none,other,1,skilled,1,no,no
600,1 - 200 DM,7,good,furniture/appliances,2329,< 100 DM,< 1 year,1,1,45,none,own,1,skilled,1,no,no
601,1 - 200 DM,9,good,furniture/appliances,918,< 100 DM,1 - 4 years,4,1,30,none,own,1,skilled,1,no,yes
602,1 - 200 DM,24,very good,education,1837,< 100 DM,4 - 7 years,4,4,34,bank,other,1,unskilled,1,no,yes
603,unknown,36,good,furniture/appliances,3349,< 100 DM,1 - 4 years,4,2,28,none,own,1,management,1,yes,yes
604,> 200 DM,10,good,furniture/appliances,1275,< 100 DM,< 1 year,4,2,23,none,own,1,skilled,1,no,no
605,< 0 DM,24,very good,furniture/appliances,2828,500 - 1000 DM,1 - 4 years,4,4,22,store,own,1,skilled,1,yes,no
606,unknown,24,critical,business,4526,< 100 DM,1 - 4 years,3,2,74,none,own,1,management,1,yes,no
607,1 - 200 DM,36,good,furniture/appliances,2671,100 - 500 DM,1 - 4 years,4,4,50,none,other,1,skilled,1,no,yes
608,unknown,18,good,furniture/appliances,2051,< 100 DM,< 1 year,4,1,33,none,own,1,skilled,1,no,no
609,unknown,15,good,car,1300,unknown,> 7 years,4,4,45,bank,other,1,skilled,2,no,no
610,< 0 DM,12,good,furniture/appliances,741,100 - 500 DM,unemployed,4,3,22,none,own,1,skilled,1,no,yes
611,> 200 DM,10,good,car,1240,100 - 500 DM,> 7 years,1,4,48,none,other,1,unskilled,2,no,yes
612,< 0 DM,21,good,furniture/appliances,3357,> 1000 DM,< 1 year,4,2,29,bank,own,1,skilled,1,no,no
613,< 0 DM,24,very good,car,3632,< 100 DM,1 - 4 years,1,4,22,bank,rent,1,skilled,1,no,no
614,unknown,18,poor,furniture/appliances,1808,< 100 DM,4 - 7 years,4,1,22,none,own,1,skilled,1,no,yes
615,1 - 200 DM,48,perfect,business,12204,unknown,1 - 4 years,2,2,48,bank,own,1,management,1,yes,no
616,1 - 200 DM,60,poor,furniture/appliances,9157,unknown,1 - 4 years,2,2,27,none,other,1,management,1,no,no
617,< 0 DM,6,critical,car,3676,< 100 DM,1 - 4 years,1,3,37,none,rent,3,skilled,2,no,no
618,1 - 200 DM,30,good,furniture/appliances,3441,100 - 500 DM,1 - 4 years,2,4,21,none,rent,1,skilled,1,no,yes
619,unknown,12,good,car,640,< 100 DM,1 - 4 years,4,2,49,none,own,1,unskilled,1,no,no
620,1 - 200 DM,21,critical,business,3652,< 100 DM,4 - 7 years,2,3,27,none,own,2,skilled,1,no,no
621,unknown,18,critical,car,1530,< 100 DM,1 - 4 years,3,2,32,bank,own,2,skilled,1,no,yes
622,unknown,48,good,business,3914,unknown,1 - 4 years,4,2,38,bank,own,1,skilled,1,no,yes
623,< 0 DM,12,good,furniture/appliances,1858,< 100 DM,< 1 year,4,1,22,none,rent,1,skilled,1,no,no
624,< 0 DM,18,good,furniture/appliances,2600,< 100 DM,1 - 4 years,4,4,65,none,other,2,skilled,1,no,yes
625,unknown,15,good,furniture/appliances,1979,unknown,> 7 years,4,2,35,none,own,1,skilled,1,no,no
626,> 200 DM,6,good,furniture/appliances,2116,< 100 DM,1 - 4 years,2,2,41,none,own,1,skilled,1,yes,no
627,1 - 200 DM,9,very good,car,1437,100 - 500 DM,4 - 7 years,2,3,29,none,own,1,skilled,1,no,yes
628,unknown,42,critical,furniture/appliances,4042,500 - 1000 DM,1 - 4 years,4,4,36,none,own,2,skilled,1,yes,no
629,unknown,9,good,education,3832,unknown,> 7 years,1,4,64,none,own,1,unskilled,1,no,no
630,< 0 DM,24,good,furniture/appliances,3660,< 100 DM,1 - 4 years,2,4,28,none,own,1,skilled,1,no,no
631,< 0 DM,18,very good,furniture/appliances,1553,< 100 DM,1 - 4 years,4,3,44,bank,own,1,skilled,1,no,yes
632,1 - 200 DM,15,good,furniture/appliances,1444,unknown,< 1 year,4,1,23,none,own,1,skilled,1,no,no
633,unknown,9,good,furniture/appliances,1980,< 100 DM,< 1 year,2,2,19,none,rent,2,skilled,1,no,yes
634,1 - 200 DM,24,good,car,1355,< 100 DM,< 1 year,3,4,25,none,own,1,unskilled,1,yes,yes
635,unknown,12,good,education,1393,< 100 DM,> 7 years,4,4,47,bank,own,3,skilled,2,yes,no
636,unknown,24,good,furniture/appliances,1376,500 - 1000 DM,4 - 7 years,4,1,28,none,own,1,skilled,1,no,no
637,unknown,60,poor,furniture/appliances,15653,< 100 DM,4 - 7 years,2,4,21,none,own,2,skilled,1,yes,no
638,unknown,12,good,furniture/appliances,1493,< 100 DM,< 1 year,4,3,34,none,own,1,skilled,2,no,no
639,< 0 DM,42,poor,furniture/appliances,4370,< 100 DM,4 - 7 years,3,2,26,bank,own,2,skilled,2,yes,yes
640,< 0 DM,18,good,education,750,< 100 DM,unemployed,4,1,27,none,own,1,unemployed,1,no,yes
641,1 - 200 DM,15,good,renovations,1308,< 100 DM,> 7 years,4,4,38,none,own,2,unskilled,1,no,no
642,unknown,15,good,education,4623,100 - 500 DM,1 - 4 years,3,2,40,none,own,1,management,1,yes,yes
643,unknown,24,critical,furniture/appliances,1851,< 100 DM,4 - 7 years,4,2,33,none,own,2,skilled,1,yes,no
644,< 0 DM,18,critical,furniture/appliances,1880,< 100 DM,4 - 7 years,4,1,32,none,own,2,management,1,yes,no
645,unknown,36,poor,business,7980,unknown,< 1 year,4,4,27,none,rent,2,skilled,1,yes,yes
646,< 0 DM,30,perfect,furniture/appliances,4583,< 100 DM,1 - 4 years,2,2,32,none,own,2,skilled,1,no,no
647,unknown,12,good,car,1386,500 - 1000 DM,1 - 4 years,2,2,26,none,own,1,skilled,1,no,yes
648,> 200 DM,24,good,car,947,< 100 DM,4 - 7 years,4,3,38,bank,other,1,skilled,2,no,yes
649,< 0 DM,12,good,education,684,< 100 DM,1 - 4 years,4,4,40,none,rent,1,unskilled,2,no,yes
650,< 0 DM,48,good,education,7476,< 100 DM,4 - 7 years,4,1,50,none,other,1,management,1,yes,no
651,1 - 200 DM,12,good,furniture/appliances,1922,< 100 DM,1 - 4 years,4,2,37,none,own,1,unskilled,1,no,yes
652,< 0 DM,24,good,car,2303,< 100 DM,> 7 years,4,1,45,none,own,1,skilled,1,no,yes
653,1 - 200 DM,36,poor,car,8086,100 - 500 DM,> 7 years,2,4,42,none,own,4,management,1,yes,yes
654,unknown,24,critical,car,2346,< 100 DM,4 - 7 years,4,3,35,none,own,2,skilled,1,yes,no
655,< 0 DM,14,good,car,3973,< 100 DM,unemployed,1,4,22,none,other,1,skilled,1,no,no
656,1 - 200 DM,12,good,car,888,< 100 DM,> 7 years,4,4,41,bank,own,1,unskilled,2,no,yes
657,unknown,48,good,furniture/appliances,10222,unknown,4 - 7 years,4,3,37,store,own,1,skilled,1,yes,no
658,1 - 200 DM,30,perfect,business,4221,< 100 DM,1 - 4 years,2,1,28,none,own,2,skilled,1,no,no
659,1 - 200 DM,18,critical,furniture/appliances,6361,< 100 DM,> 7 years,2,1,41,none,own,1,skilled,1,yes,no
660,> 200 DM,12,good,furniture/appliances,1297,< 100 DM,1 - 4 years,3,4,23,none,rent,1,skilled,1,no,no
661,< 0 DM,12,good,car,900,unknown,1 - 4 years,4,2,23,none,own,1,skilled,1,no,yes
662,unknown,21,good,furniture/appliances,2241,< 100 DM,> 7 years,4,2,50,none,own,2,skilled,1,no,no
663,1 - 200 DM,6,poor,furniture/appliances,1050,< 100 DM,unemployed,4,1,35,store,own,2,management,1,yes,no
664,> 200 DM,6,critical,education,1047,< 100 DM,1 - 4 years,2,4,50,none,own,1,unskilled,1,no,no
665,unknown,24,critical,car,6314,< 100 DM,unemployed,4,2,27,bank,own,2,management,1,yes,no
666,1 - 200 DM,30,very good,furniture/appliances,3496,> 1000 DM,1 - 4 years,4,2,34,store,own,1,skilled,2,yes,no
667,unknown,48,very good,business,3609,< 100 DM,1 - 4 years,1,1,27,store,own,1,skilled,1,no,no
668,< 0 DM,12,critical,car,4843,< 100 DM,> 7 years,3,4,43,none,rent,2,skilled,1,yes,yes
669,> 200 DM,30,critical,furniture/appliances,3017,< 100 DM,> 7 years,4,4,47,none,own,1,skilled,1,no,no
670,unknown,24,critical,business,4139,100 - 500 DM,1 - 4 years,3,3,27,none,own,2,unskilled,1,yes,no
671,unknown,36,good,business,5742,100 - 500 DM,4 - 7 years,2,2,31,none,own,2,skilled,1,yes,no
672,unknown,60,good,car,10366,< 100 DM,> 7 years,2,4,42,none,own,1,management,1,yes,no
673,unknown,6,critical,car,2080,500 - 1000 DM,1 - 4 years,1,2,24,none,own,1,skilled,1,no,no
674,unknown,21,poor,business,2580,500 - 1000 DM,< 1 year,4,2,41,bank,own,1,unskilled,2,no,yes
675,unknown,30,critical,furniture/appliances,4530,< 100 DM,4 - 7 years,4,4,26,none,rent,1,management,1,yes,no
676,unknown,24,critical,furniture/appliances,5150,< 100 DM,> 7 years,4,4,33,none,own,1,skilled,1,yes,no
677,1 - 200 DM,72,good,furniture/appliances,5595,100 - 500 DM,1 - 4 years,2,2,24,none,own,1,skilled,1,no,yes
678,< 0 DM,24,good,furniture/appliances,2384,< 100 DM,> 7 years,4,4,64,bank,rent,1,unskilled,1,no,no
679,unknown,18,good,furniture/appliances,1453,< 100 DM,< 1 year,3,1,26,none,own,1,skilled,1,no,no
680,unknown,6,good,education,1538,< 100 DM,< 1 year,1,2,56,none,own,1,skilled,1,no,no
681,unknown,12,good,furniture/appliances,2279,unknown,1 - 4 years,4,4,37,none,other,1,skilled,1,yes,no
682,unknown,15,poor,furniture/appliances,1478,< 100 DM,1 - 4 years,4,3,33,bank,own,2,skilled,1,no,no
683,unknown,24,critical,furniture/appliances,5103,< 100 DM,< 1 year,3,3,47,none,other,3,skilled,1,yes,no
684,1 - 200 DM,36,poor,business,9857,100 - 500 DM,4 - 7 years,1,3,31,none,own,2,unskilled,2,yes,no
685,unknown,60,good,car,6527,unknown,1 - 4 years,4,4,34,none,other,1,skilled,2,yes,no
686,> 200 DM,10,critical,furniture/appliances,1347,unknown,4 - 7 years,4,2,27,none,own,2,skilled,1,yes,no
687,1 - 200 DM,36,poor,car,2862,100 - 500 DM,> 7 years,4,3,30,none,other,1,skilled,1,no,no
688,unknown,9,good,furniture/appliances,2753,100 - 500 DM,> 7 years,3,4,35,none,own,1,skilled,1,yes,no
689,< 0 DM,12,good,car,3651,> 1000 DM,1 - 4 years,1,3,31,none,own,1,skilled,2,no,no
690,< 0 DM,15,critical,furniture/appliances,975,< 100 DM,1 - 4 years,2,3,25,none,own,2,skilled,1,no,no
691,1 - 200 DM,15,good,renovations,2631,100 - 500 DM,1 - 4 years,3,2,25,none,own,1,unskilled,1,no,no
692,1 - 200 DM,24,good,furniture/appliances,2896,100 - 500 DM,< 1 year,2,1,29,none,own,1,skilled,1,no,no
693,< 0 DM,6,critical,car,4716,unknown,< 1 year,1,3,44,none,own,2,unskilled,2,no,no
694,unknown,24,good,furniture/appliances,2284,< 100 DM,4 - 7 years,4,2,28,none,own,1,skilled,1,yes,no
695,unknown,6,good,car,1236,500 - 1000 DM,1 - 4 years,2,4,50,none,rent,1,skilled,1,no,no
696,1 - 200 DM,12,good,furniture/appliances,1103,< 100 DM,4 - 7 years,4,3,29,none,own,2,skilled,1,no,no
697,unknown,12,critical,car,926,< 100 DM,unemployed,1,2,38,none,own,1,unemployed,1,no,no
698,unknown,18,critical,furniture/appliances,1800,< 100 DM,1 - 4 years,4,2,24,none,own,2,skilled,1,no,no
699,> 200 DM,15,good,education,1905,< 100 DM,> 7 years,4,4,40,none,rent,1,management,1,yes,no
700,unknown,12,good,furniture/appliances,1123,500 - 1000 DM,1 - 4 years,4,4,29,none,rent,1,unskilled,1,no,yes
701,< 0 DM,48,critical,car,6331,< 100 DM,> 7 years,4,4,46,none,other,2,skilled,1,yes,yes
702,> 200 DM,24,good,furniture/appliances,1377,100 - 500 DM,> 7 years,4,2,47,none,other,1,skilled,1,yes,no
703,1 - 200 DM,30,poor,business,2503,100 - 500 DM,> 7 years,4,2,41,store,own,2,skilled,1,no,no
704,1 - 200 DM,27,good,business,2528,< 100 DM,< 1 year,4,1,32,none,own,1,skilled,2,yes,no
705,unknown,15,good,car,5324,500 - 1000 DM,> 7 years,1,4,35,none,other,1,skilled,1,no,no
706,1 - 200 DM,48,good,car,6560,100 - 500 DM,4 - 7 years,3,2,24,none,own,1,skilled,1,no,yes
707,1 - 200 DM,12,perfect,furniture/appliances,2969,< 100 DM,< 1 year,4,3,25,none,rent,2,skilled,1,no,yes
708,1 - 200 DM,9,good,furniture/appliances,1206,< 100 DM,> 7 years,4,4,25,none,own,1,skilled,1,no,no
709,1 - 200 DM,9,good,furniture/appliances,2118,< 100 DM,1 - 4 years,2,2,37,none,own,1,unskilled,2,no,no
710,unknown,18,critical,furniture/appliances,629,500 - 1000 DM,> 7 years,4,3,32,bank,own,2,management,1,yes,no
711,< 0 DM,6,very good,education,1198,< 100 DM,> 7 years,4,4,35,none,other,1,skilled,1,no,yes
712,unknown,21,good,car,2476,unknown,> 7 years,4,4,46,none,own,1,management,1,yes,no
713,< 0 DM,9,critical,furniture/appliances,1138,< 100 DM,1 - 4 years,4,4,25,none,own,2,unskilled,1,no,no
714,1 - 200 DM,60,good,car,14027,< 100 DM,4 - 7 years,4,2,27,none,own,1,management,1,yes,yes
715,unknown,30,critical,car,7596,unknown,> 7 years,1,4,63,none,own,2,skilled,1,no,no
716,unknown,30,critical,furniture/appliances,3077,unknown,> 7 years,3,2,40,none,own,2,skilled,2,yes,no
717,unknown,18,good,furniture/appliances,1505,< 100 DM,1 - 4 years,4,2,32,none,other,1,management,1,yes,no
718,> 200 DM,24,critical,furniture/appliances,3148,unknown,1 - 4 years,3,2,31,none,own,2,skilled,1,yes,no
719,1 - 200 DM,20,perfect,car,6148,100 - 500 DM,> 7 years,3,4,31,bank,own,2,skilled,1,yes,no
720,> 200 DM,9,perfect,furniture/appliances,1337,< 100 DM,< 1 year,4,2,34,none,own,2,management,1,yes,yes
721,1 - 200 DM,6,very good,education,433,> 1000 DM,< 1 year,4,2,24,bank,rent,1,skilled,2,no,yes
722,< 0 DM,12,good,car,1228,< 100 DM,1 - 4 years,4,2,24,none,own,1,unskilled,1,no,yes
723,1 - 200 DM,9,good,furniture/appliances,790,500 - 1000 DM,1 - 4 years,4,3,66,none,own,1,unskilled,1,no,no
724,unknown,27,good,car,2570,< 100 DM,1 - 4 years,3,3,21,none,rent,1,skilled,1,no,yes
725,unknown,6,critical,car,250,> 1000 DM,1 - 4 years,2,2,41,bank,own,2,unskilled,1,no,no
726,unknown,15,critical,furniture/appliances,1316,500 - 1000 DM,1 - 4 years,2,2,47,none,own,2,unskilled,1,no,no
727,< 0 DM,18,good,furniture/appliances,1882,< 100 DM,1 - 4 years,4,4,25,bank,rent,2,skilled,1,no,yes
728,1 - 200 DM,48,very good,business,6416,< 100 DM,> 7 years,4,3,59,none,rent,1,skilled,1,no,yes
729,> 200 DM,24,critical,business,1275,> 1000 DM,1 - 4 years,2,4,36,none,own,2,skilled,1,yes,no
730,1 - 200 DM,24,poor,furniture/appliances,6403,< 100 DM,< 1 year,1,2,33,none,own,1,skilled,1,no,no
731,< 0 DM,24,good,furniture/appliances,1987,< 100 DM,1 - 4 years,2,4,21,none,rent,1,unskilled,2,no,yes
732,1 - 200 DM,8,good,furniture/appliances,760,< 100 DM,4 - 7 years,4,2,44,none,own,1,unskilled,1,no,no
733,unknown,24,good,car,2603,> 1000 DM,1 - 4 years,2,4,28,none,rent,1,skilled,1,yes,no
734,unknown,4,critical,car,3380,< 100 DM,4 - 7 years,1,1,37,none,own,1,skilled,2,no,no
735,1 - 200 DM,36,very good,furniture/appliances,3990,unknown,< 1 year,3,2,29,bank,own,1,unemployed,1,no,no
736,1 - 200 DM,24,good,car,11560,< 100 DM,1 - 4 years,1,4,23,none,rent,2,management,1,no,yes
737,< 0 DM,18,good,car,4380,100 - 500 DM,1 - 4 years,3,4,35,none,own,1,unskilled,2,yes,no
738,unknown,6,critical,car,6761,< 100 DM,4 - 7 years,1,3,45,none,own,2,management,2,yes,no
739,1 - 200 DM,30,perfect,business,4280,100 - 500 DM,1 - 4 years,4,4,26,none,rent,2,unskilled,1,no,yes
740,< 0 DM,24,very good,car,2325,100 - 500 DM,4 - 7 years,2,3,32,bank,own,1,skilled,1,no,no
741,1 - 200 DM,10,very good,furniture/appliances,1048,< 100 DM,1 - 4 years,4,4,23,store,own,1,unskilled,1,no,no
742,unknown,21,good,furniture/appliances,3160,unknown,> 7 years,4,3,41,none,own,1,skilled,1,yes,no
743,< 0 DM,24,very good,furniture/appliances,2483,500 - 1000 DM,1 - 4 years,4,4,22,store,own,1,skilled,1,yes,no
744,< 0 DM,39,critical,furniture/appliances,14179,unknown,4 - 7 years,4,4,30,none,own,2,management,1,yes,no
745,< 0 DM,13,critical,business,1797,< 100 DM,< 1 year,3,1,28,bank,own,2,unskilled,1,no,no
746,< 0 DM,15,good,car,2511,< 100 DM,unemployed,1,4,23,none,rent,1,skilled,1,no,no
747,< 0 DM,12,good,car,1274,< 100 DM,< 1 year,3,1,37,none,own,1,unskilled,1,no,yes
748,unknown,21,good,car,5248,unknown,1 - 4 years,1,3,26,none,own,1,skilled,1,no,no
749,unknown,15,good,car,3029,< 100 DM,4 - 7 years,2,2,33,none,own,1,skilled,1,no,no
750,< 0 DM,6,good,furniture/appliances,428,< 100 DM,> 7 years,2,1,49,bank,own,1,skilled,1,yes,no
751,< 0 DM,18,good,car,976,< 100 DM,< 1 year,1,2,23,none,own,1,unskilled,1,no,yes
752,1 - 200 DM,12,good,business,841,100 - 500 DM,4 - 7 years,2,4,23,none,rent,1,unskilled,1,no,no
753,unknown,30,critical,furniture/appliances,5771,< 100 DM,4 - 7 years,4,2,25,none,own,2,skilled,1,no,no
754,unknown,12,poor,renovations,1555,> 1000 DM,> 7 years,4,4,55,none,other,2,skilled,2,no,yes
755,< 0 DM,24,good,car,1285,unknown,4 - 7 years,4,4,32,none,rent,1,skilled,1,no,yes
756,> 200 DM,6,critical,car,1299,< 100 DM,1 - 4 years,1,1,74,none,own,3,unemployed,2,no,no
757,> 200 DM,15,critical,furniture/appliances,1271,unknown,1 - 4 years,3,4,39,none,other,2,skilled,1,yes,yes
758,unknown,24,good,car,1393,< 100 DM,1 - 4 years,2,2,31,none,own,1,skilled,1,yes,no
759,< 0 DM,12,critical,car,691,< 100 DM,> 7 years,4,3,35,none,own,2,skilled,1,no,yes
760,unknown,15,critical,car,5045,unknown,> 7 years,1,4,59,none,own,1,skilled,1,yes,no
761,< 0 DM,18,critical,furniture/appliances,2124,< 100 DM,1 - 4 years,4,4,24,none,rent,2,skilled,1,no,yes
762,< 0 DM,12,good,furniture/appliances,2214,< 100 DM,1 - 4 years,4,3,24,none,own,1,unskilled,1,no,no
763,unknown,21,critical,car,12680,unknown,> 7 years,4,4,30,none,other,1,management,1,yes,yes
764,unknown,24,critical,car,2463,100 - 500 DM,4 - 7 years,4,3,27,none,own,2,skilled,1,yes,no
765,1 - 200 DM,12,good,furniture/appliances,1155,< 100 DM,> 7 years,3,3,40,bank,own,2,unskilled,1,no,no
766,< 0 DM,30,good,furniture/appliances,3108,< 100 DM,< 1 year,2,4,31,none,own,1,unskilled,1,no,yes
767,unknown,10,good,car,2901,unknown,< 1 year,1,4,31,none,rent,1,skilled,1,no,no
768,1 - 200 DM,12,critical,furniture/appliances,3617,< 100 DM,> 7 years,1,4,28,none,rent,3,skilled,1,yes,no
769,unknown,12,critical,furniture/appliances,1655,< 100 DM,> 7 years,2,4,63,none,own,2,unskilled,1,yes,no
770,< 0 DM,24,good,car,2812,unknown,> 7 years,2,4,26,none,rent,1,skilled,1,no,no
771,< 0 DM,36,critical,education,8065,< 100 DM,1 - 4 years,3,2,25,none,own,2,management,1,yes,yes
772,unknown,21,critical,car,3275,< 100 DM,> 7 years,1,4,36,none,own,1,management,1,yes,no
773,unknown,24,critical,furniture/appliances,2223,100 - 500 DM,> 7 years,4,4,52,bank,own,2,skilled,1,no,no
774,> 200 DM,12,critical,car,1480,500 - 1000 DM,unemployed,2,4,66,bank,other,3,unemployed,1,no,no
775,< 0 DM,24,good,car,1371,unknown,1 - 4 years,4,4,25,none,rent,1,skilled,1,no,yes
776,unknown,36,critical,car,3535,< 100 DM,4 - 7 years,4,4,37,none,own,2,skilled,1,yes,no
777,< 0 DM,18,good,furniture/appliances,3509,< 100 DM,4 - 7 years,4,1,25,none,own,1,skilled,1,no,no
778,unknown,36,critical,car,5711,> 1000 DM,> 7 years,4,2,38,none,own,2,management,1,yes,no
779,1 - 200 DM,18,good,renovations,3872,< 100 DM,unemployed,2,4,67,none,own,1,skilled,1,yes,no
780,1 - 200 DM,39,critical,furniture/appliances,4933,< 100 DM,4 - 7 years,2,2,25,none,own,2,skilled,1,no,yes
781,unknown,24,critical,car,1940,> 1000 DM,> 7 years,4,4,60,none,own,1,skilled,1,yes,no
782,1 - 200 DM,12,perfect,education,1410,< 100 DM,1 - 4 years,2,2,31,none,own,1,unskilled,1,yes,no
783,1 - 200 DM,12,good,car,836,100 - 500 DM,< 1 year,4,2,23,bank,own,1,unskilled,1,no,yes
784,1 - 200 DM,20,good,car,6468,unknown,unemployed,1,4,60,none,own,1,management,1,yes,no
785,1 - 200 DM,18,good,business,1941,> 1000 DM,1 - 4 years,4,2,35,none,own,1,unskilled,1,yes,no
786,unknown,22,good,furniture/appliances,2675,500 - 1000 DM,> 7 years,3,4,40,none,own,1,skilled,1,no,no
787,unknown,48,critical,car,2751,unknown,> 7 years,4,3,38,none,own,2,skilled,2,yes,no
788,1 - 200 DM,48,poor,education,6224,< 100 DM,> 7 years,4,4,50,none,other,1,skilled,1,no,yes
789,< 0 DM,40,critical,education,5998,< 100 DM,1 - 4 years,4,3,27,bank,own,1,skilled,1,yes,yes
790,1 - 200 DM,21,good,business,1188,< 100 DM,> 7 years,2,4,39,none,own,1,skilled,2,no,yes
791,unknown,24,good,car,6313,unknown,> 7 years,3,4,41,none,own,1,management,2,yes,no
792,unknown,6,critical,furniture/appliances,1221,unknown,1 - 4 years,1,2,27,none,own,2,skilled,1,no,no
793,> 200 DM,24,good,furniture/appliances,2892,< 100 DM,> 7 years,3,4,51,none,other,1,skilled,1,no,no
794,unknown,24,good,furniture/appliances,3062,500 - 1000 DM,> 7 years,4,3,32,none,rent,1,skilled,1,yes,no
795,unknown,9,good,furniture/appliances,2301,100 - 500 DM,< 1 year,2,4,22,none,rent,1,skilled,1,no,no
796,< 0 DM,18,good,car,7511,unknown,> 7 years,1,4,51,none,other,1,skilled,2,yes,yes
797,unknown,12,critical,furniture/appliances,1258,< 100 DM,< 1 year,2,4,22,none,rent,2,unskilled,1,no,no
798,unknown,24,poor,car,717,unknown,> 7 years,4,4,54,none,own,2,skilled,1,yes,no
799,1 - 200 DM,9,good,car,1549,unknown,< 1 year,4,2,35,none,own,1,unemployed,1,no,no
800,unknown,24,critical,education,1597,< 100 DM,> 7 years,4,4,54,none,other,2,skilled,2,no,no
801,1 - 200 DM,18,critical,furniture/appliances,1795,< 100 DM,> 7 years,3,4,48,bank,rent,2,unskilled,1,yes,no
802,< 0 DM,20,critical,furniture/appliances,4272,< 100 DM,> 7 years,1,4,24,none,own,2,skilled,1,no,no
803,unknown,12,critical,furniture/appliances,976,unknown,> 7 years,4,4,35,none,own,2,skilled,1,no,no
804,1 - 200 DM,12,good,car,7472,unknown,unemployed,1,2,24,none,rent,1,unemployed,1,no,no
805,< 0 DM,36,good,car,9271,< 100 DM,4 - 7 years,2,1,24,none,own,1,skilled,1,yes,yes
806,1 - 200 DM,6,good,furniture/appliances,590,< 100 DM,< 1 year,3,3,26,none,own,1,unskilled,1,no,no
807,unknown,12,critical,furniture/appliances,930,unknown,> 7 years,4,4,65,none,own,4,skilled,1,no,no
808,1 - 200 DM,42,very good,car,9283,< 100 DM,unemployed,1,2,55,bank,other,1,management,1,yes,no
809,1 - 200 DM,15,perfect,car,1778,< 100 DM,< 1 year,2,1,26,none,rent,2,unemployed,1,no,yes
810,1 - 200 DM,8,good,business,907,< 100 DM,< 1 year,3,2,26,none,own,1,skilled,1,yes,no
811,1 - 200 DM,6,good,furniture/appliances,484,< 100 DM,4 - 7 years,3,3,28,bank,own,1,unskilled,1,no,no
812,< 0 DM,36,critical,car,9629,< 100 DM,4 - 7 years,4,4,24,none,own,2,skilled,1,yes,yes
813,< 0 DM,48,good,furniture/appliances,3051,< 100 DM,1 - 4 years,3,4,54,none,own,1,skilled,1,no,yes
814,< 0 DM,48,good,car,3931,< 100 DM,4 - 7 years,4,4,46,none,other,1,skilled,2,no,yes
815,1 - 200 DM,36,poor,car,7432,< 100 DM,1 - 4 years,2,2,54,none,rent,1,skilled,1,no,no
816,unknown,6,good,furniture/appliances,1338,500 - 1000 DM,1 - 4 years,1,4,62,none,own,1,skilled,1,no,no
817,unknown,6,critical,furniture/appliances,1554,< 100 DM,4 - 7 years,1,2,24,none,rent,2,skilled,1,yes,no
818,< 0 DM,36,good,car,15857,< 100 DM,unemployed,2,3,43,none,own,1,management,1,no,no
819,< 0 DM,18,good,furniture/appliances,1345,< 100 DM,1 - 4 years,4,3,26,bank,own,1,skilled,1,no,yes
820,unknown,12,good,car,1101,< 100 DM,1 - 4 years,3,2,27,none,own,2,skilled,1,yes,no
821,> 200 DM,12,good,furniture/appliances,3016,< 100 DM,1 - 4 years,3,1,24,none,own,1,skilled,1,no,no
822,< 0 DM,36,good,furniture/appliances,2712,< 100 DM,> 7 years,2,2,41,bank,own,1,skilled,2,no,yes
823,< 0 DM,8,critical,car,731,< 100 DM,> 7 years,4,4,47,none,own,2,unskilled,1,no,no
824,unknown,18,critical,furniture/appliances,3780,< 100 DM,< 1 year,3,2,35,none,own,2,management,1,yes,no
825,< 0 DM,21,critical,car,1602,< 100 DM,> 7 years,4,3,30,none,own,2,skilled,1,yes,no
826,< 0 DM,18,critical,car,3966,< 100 DM,> 7 years,1,4,33,bank,rent,3,skilled,1,yes,yes
827,unknown,18,perfect,business,4165,< 100 DM,1 - 4 years,2,2,36,store,own,2,skilled,2,no,yes
828,< 0 DM,36,good,car,8335,unknown,> 7 years,3,4,47,none,other,1,skilled,1,no,yes
829,1 - 200 DM,48,poor,business,6681,unknown,1 - 4 years,4,4,38,none,other,1,skilled,2,yes,no
830,unknown,24,poor,business,2375,500 - 1000 DM,1 - 4 years,4,2,44,none,own,2,skilled,2,yes,no
831,< 0 DM,18,good,car,1216,< 100 DM,< 1 year,4,3,23,none,rent,1,skilled,1,yes,yes
832,< 0 DM,45,perfect,business,11816,< 100 DM,> 7 years,2,4,29,none,rent,2,skilled,1,no,yes
833,1 - 200 DM,24,good,furniture/appliances,5084,unknown,> 7 years,2,4,42,none,own,1,skilled,1,yes,no
834,> 200 DM,15,good,furniture/appliances,2327,< 100 DM,< 1 year,2,3,25,none,own,1,unskilled,1,no,yes
835,< 0 DM,12,perfect,car,1082,< 100 DM,1 - 4 years,4,4,48,bank,own,2,skilled,1,no,yes
836,unknown,12,good,furniture/appliances,886,unknown,1 - 4 years,4,2,21,none,own,1,skilled,1,no,no
837,unknown,4,good,furniture/appliances,601,< 100 DM,< 1 year,1,3,23,none,rent,1,unskilled,2,no,no
838,< 0 DM,24,critical,car,2957,< 100 DM,> 7 years,4,4,63,none,own,2,skilled,1,yes,no
839,unknown,24,critical,furniture/appliances,2611,< 100 DM,> 7 years,4,3,46,none,own,2,skilled,1,no,no
840,< 0 DM,36,good,furniture/appliances,5179,< 100 DM,4 - 7 years,4,2,29,none,own,1,skilled,1,no,yes
841,unknown,21,poor,car,2993,< 100 DM,1 - 4 years,3,2,28,store,own,2,unskilled,1,no,no
842,unknown,18,good,renovations,1943,< 100 DM,< 1 year,4,4,23,none,own,1,skilled,1,no,yes
843,unknown,24,very good,business,1559,< 100 DM,4 - 7 years,4,4,50,bank,own,1,skilled,1,yes,no
844,unknown,18,good,furniture/appliances,3422,< 100 DM,> 7 years,4,4,47,bank,own,3,skilled,2,yes,no
845,1 - 200 DM,21,good,furniture/appliances,3976,unknown,4 - 7 years,2,3,35,none,own,1,skilled,1,yes,no
846,unknown,18,good,car,6761,unknown,1 - 4 years,2,4,68,none,rent,2,skilled,1,no,yes
847,unknown,24,good,car,1249,< 100 DM,< 1 year,4,2,28,none,own,1,skilled,1,no,no
848,< 0 DM,9,good,furniture/appliances,1364,< 100 DM,4 - 7 years,3,4,59,none,own,1,skilled,1,no,no
849,< 0 DM,12,good,furniture/appliances,709,< 100 DM,> 7 years,4,4,57,store,own,1,unskilled,1,no,yes
850,< 0 DM,20,critical,car,2235,< 100 DM,1 - 4 years,4,2,33,bank,rent,2,skilled,1,no,yes
851,unknown,24,critical,car,4042,unknown,4 - 7 years,3,4,43,none,own,2,skilled,1,yes,no
852,unknown,15,critical,furniture/appliances,1471,< 100 DM,1 - 4 years,4,4,35,none,other,2,skilled,1,yes,no
853,< 0 DM,18,very good,car,1442,< 100 DM,4 - 7 years,4,4,32,none,other,2,unskilled,2,no,yes
854,unknown,36,poor,car,10875,< 100 DM,> 7 years,2,2,45,none,own,2,skilled,2,yes,no
855,unknown,24,good,car,1474,100 - 500 DM,< 1 year,4,3,33,none,own,1,skilled,1,yes,no
856,unknown,10,good,education,894,unknown,4 - 7 years,4,3,40,none,own,1,skilled,1,yes,no
857,unknown,15,critical,furniture/appliances,3343,< 100 DM,1 - 4 years,4,2,28,none,other,1,skilled,1,yes,no
858,< 0 DM,15,good,car,3959,< 100 DM,1 - 4 years,3,2,29,none,own,1,skilled,1,yes,yes
859,unknown,9,good,car,3577,100 - 500 DM,1 - 4 years,1,2,26,none,rent,1,skilled,2,no,no
860,unknown,24,critical,car,5804,> 1000 DM,1 - 4 years,4,2,27,none,own,2,skilled,1,no,no
861,unknown,18,poor,business,2169,< 100 DM,1 - 4 years,4,2,28,none,own,1,skilled,1,yes,yes
862,< 0 DM,24,good,furniture/appliances,2439,< 100 DM,< 1 year,4,4,35,none,own,1,skilled,1,yes,yes
863,unknown,27,critical,furniture/appliances,4526,> 1000 DM,< 1 year,4,2,32,store,own,2,unskilled,2,yes,no
864,unknown,10,good,furniture/appliances,2210,< 100 DM,1 - 4 years,2,2,25,bank,rent,1,unskilled,1,no,yes
865,unknown,15,good,furniture/appliances,2221,500 - 1000 DM,1 - 4 years,2,4,20,none,rent,1,skilled,1,no,no
866,< 0 DM,18,good,furniture/appliances,2389,< 100 DM,< 1 year,4,1,27,store,own,1,skilled,1,no,no
867,unknown,12,critical,furniture/appliances,3331,< 100 DM,> 7 years,2,4,42,store,own,1,skilled,1,no,no
868,unknown,36,good,business,7409,unknown,> 7 years,3,2,37,none,own,2,skilled,1,no,no
869,< 0 DM,12,good,furniture/appliances,652,< 100 DM,> 7 years,4,4,24,none,rent,1,skilled,1,no,no
870,unknown,36,poor,furniture/appliances,7678,500 - 1000 DM,4 - 7 years,2,4,40,none,own,2,skilled,1,yes,no
871,> 200 DM,6,critical,car,1343,< 100 DM,> 7 years,1,4,46,none,own,2,skilled,2,no,no
872,< 0 DM,24,critical,business,1382,100 - 500 DM,4 - 7 years,4,1,26,none,own,2,skilled,1,yes,no
873,unknown,15,good,furniture/appliances,874,unknown,< 1 year,4,1,24,none,own,1,skilled,1,no,no
874,< 0 DM,12,good,furniture/appliances,3590,< 100 DM,1 - 4 years,2,2,29,none,own,1,unskilled,2,no,no
875,1 - 200 DM,11,critical,car,1322,> 1000 DM,1 - 4 years,4,4,40,none,own,2,skilled,1,no,no
876,< 0 DM,18,very good,furniture/appliances,1940,< 100 DM,< 1 year,3,4,36,bank,other,1,management,1,yes,no
877,unknown,36,good,furniture/appliances,3595,< 100 DM,> 7 years,4,2,28,none,own,1,skilled,1,no,no
878,< 0 DM,9,good,car,1422,< 100 DM,< 1 year,3,2,27,none,other,1,management,1,yes,yes
879,unknown,30,critical,furniture/appliances,6742,unknown,4 - 7 years,2,3,36,none,own,2,skilled,1,no,no
880,unknown,24,good,car,7814,< 100 DM,4 - 7 years,3,3,38,none,own,1,management,1,yes,no
881,unknown,24,good,car,9277,unknown,1 - 4 years,2,4,48,none,other,1,skilled,1,yes,no
882,1 - 200 DM,30,critical,car,2181,unknown,> 7 years,4,4,36,none,own,2,skilled,1,no,no
883,unknown,18,critical,furniture/appliances,1098,< 100 DM,unemployed,4,4,65,none,own,2,unemployed,1,no,no
884,1 - 200 DM,24,good,furniture/appliances,4057,< 100 DM,4 - 7 years,3,3,43,none,own,1,skilled,1,yes,yes
885,< 0 DM,12,good,education,795,< 100 DM,< 1 year,4,4,53,none,own,1,skilled,1,no,yes
886,1 - 200 DM,24,critical,business,2825,unknown,4 - 7 years,4,3,34,none,own,2,skilled,2,yes,no
887,1 - 200 DM,48,good,business,15672,< 100 DM,1 - 4 years,2,2,23,none,own,1,skilled,1,yes,yes
888,unknown,36,critical,car,6614,< 100 DM,> 7 years,4,4,34,none,own,2,management,1,yes,no
889,unknown,28,very good,car,7824,unknown,< 1 year,3,4,40,bank,rent,2,skilled,2,yes,no
890,< 0 DM,27,critical,business,2442,< 100 DM,> 7 years,4,4,43,store,own,4,management,2,yes,no
891,unknown,15,critical,furniture/appliances,1829,< 100 DM,> 7 years,4,4,46,none,own,2,skilled,1,yes,no
892,< 0 DM,12,critical,car,2171,< 100 DM,1 - 4 years,4,4,38,bank,own,2,unskilled,1,no,no
893,1 - 200 DM,36,critical,car,5800,< 100 DM,1 - 4 years,3,4,34,none,own,2,skilled,1,yes,no
894,unknown,18,critical,furniture/appliances,1169,unknown,1 - 4 years,4,3,29,none,own,2,skilled,1,yes,no
895,unknown,36,poor,car,8947,unknown,4 - 7 years,3,2,31,store,own,1,management,2,yes,no
896,< 0 DM,21,good,furniture/appliances,2606,< 100 DM,< 1 year,4,4,28,none,rent,1,management,1,yes,no
897,unknown,12,critical,furniture/appliances,1592,> 1000 DM,4 - 7 years,3,2,35,none,own,1,skilled,1,no,no
898,unknown,15,good,furniture/appliances,2186,unknown,4 - 7 years,1,4,33,bank,rent,1,unskilled,1,no,no
899,< 0 DM,18,good,furniture/appliances,4153,< 100 DM,1 - 4 years,2,3,42,none,own,1,skilled,1,no,yes
900,< 0 DM,16,critical,car,2625,< 100 DM,> 7 years,2,4,43,bank,rent,1,skilled,1,yes,yes
901,unknown,20,critical,car,3485,unknown,< 1 year,2,4,44,none,own,2,skilled,1,yes,no
902,unknown,36,critical,car,10477,unknown,> 7 years,2,4,42,none,other,2,skilled,1,no,no
903,unknown,15,good,furniture/appliances,1386,unknown,1 - 4 years,4,2,40,none,rent,1,skilled,1,yes,no
904,unknown,24,good,furniture/appliances,1278,< 100 DM,> 7 years,4,1,36,none,own,1,management,1,yes,no
905,< 0 DM,12,good,furniture/appliances,1107,< 100 DM,1 - 4 years,2,2,20,none,rent,1,management,2,yes,no
906,< 0 DM,21,good,car,3763,unknown,4 - 7 years,2,2,24,none,own,1,unskilled,1,no,no
907,1 - 200 DM,36,good,education,3711,unknown,1 - 4 years,2,2,27,none,own,1,skilled,1,no,no
908,unknown,15,poor,car,3594,< 100 DM,< 1 year,1,2,46,none,own,2,unskilled,1,no,no
909,1 - 200 DM,9,good,car,3195,unknown,1 - 4 years,1,2,33,none,own,1,unskilled,1,no,no
910,unknown,36,poor,furniture/appliances,4454,< 100 DM,1 - 4 years,4,4,34,none,own,2,skilled,1,no,no
911,1 - 200 DM,24,critical,furniture/appliances,4736,< 100 DM,< 1 year,2,4,25,bank,own,1,unskilled,1,no,yes
912,1 - 200 DM,30,good,furniture/appliances,2991,unknown,> 7 years,2,4,25,none,own,1,skilled,1,no,no
913,unknown,11,good,business,2142,> 1000 DM,> 7 years,1,2,28,none,own,1,skilled,1,yes,no
914,< 0 DM,24,very good,business,3161,< 100 DM,1 - 4 years,4,2,31,none,rent,1,skilled,1,yes,yes
915,1 - 200 DM,48,perfect,car,18424,< 100 DM,1 - 4 years,1,2,32,bank,own,1,management,1,yes,yes
916,unknown,10,good,car,2848,100 - 500 DM,1 - 4 years,1,2,32,none,own,1,skilled,2,no,no
917,< 0 DM,6,good,car,14896,< 100 DM,> 7 years,1,4,68,bank,own,1,management,1,yes,yes
918,< 0 DM,24,good,furniture/appliances,2359,100 - 500 DM,unemployed,1,1,33,none,own,1,skilled,1,no,yes
919,< 0 DM,24,good,furniture/appliances,3345,< 100 DM,> 7 years,4,2,39,none,rent,1,management,1,yes,yes
920,unknown,18,critical,furniture/appliances,1817,< 100 DM,1 - 4 years,4,2,28,none,own,2,skilled,1,no,no
921,unknown,48,poor,furniture/appliances,12749,500 - 1000 DM,4 - 7 years,4,1,37,none,own,1,management,1,yes,no
922,< 0 DM,9,good,furniture/appliances,1366,< 100 DM,< 1 year,3,4,22,none,rent,1,skilled,1,no,yes
923,1 - 200 DM,12,good,car,2002,< 100 DM,4 - 7 years,3,4,30,none,rent,1,skilled,2,yes,no
924,< 0 DM,24,very good,furniture/appliances,6872,< 100 DM,< 1 year,2,1,55,bank,own,1,skilled,1,yes,yes
925,< 0 DM,12,very good,car,697,< 100 DM,< 1 year,4,2,46,bank,own,2,skilled,1,yes,yes
926,< 0 DM,18,critical,furniture/appliances,1049,< 100 DM,< 1 year,4,4,21,none,rent,1,skilled,1,no,no
927,< 0 DM,48,good,car,10297,< 100 DM,4 - 7 years,4,4,39,store,other,3,skilled,2,yes,yes
928,unknown,30,good,furniture/appliances,1867,unknown,> 7 years,4,4,58,none,own,1,skilled,1,yes,no
929,< 0 DM,12,poor,car,1344,< 100 DM,1 - 4 years,4,2,43,none,own,2,unskilled,2,no,no
930,< 0 DM,24,good,furniture/appliances,1747,< 100 DM,< 1 year,4,1,24,none,own,1,unskilled,1,no,no
931,1 - 200 DM,9,good,furniture/appliances,1670,< 100 DM,< 1 year,4,2,22,none,own,1,skilled,1,yes,yes
932,unknown,9,critical,car,1224,< 100 DM,1 - 4 years,3,1,30,none,own,2,skilled,1,no,no
933,unknown,12,critical,furniture/appliances,522,500 - 1000 DM,> 7 years,4,4,42,none,own,2,skilled,2,yes,no
934,< 0 DM,12,good,furniture/appliances,1498,< 100 DM,1 - 4 years,4,1,23,bank,own,1,skilled,1,no,no
935,1 - 200 DM,30,poor,furniture/appliances,1919,100 - 500 DM,< 1 year,4,3,30,store,own,2,management,1,no,yes
936,> 200 DM,9,good,furniture/appliances,745,< 100 DM,1 - 4 years,3,2,28,none,own,1,unskilled,1,no,yes
937,1 - 200 DM,6,good,furniture/appliances,2063,< 100 DM,< 1 year,4,3,30,none,rent,1,management,1,yes,no
938,1 - 200 DM,60,good,education,6288,< 100 DM,1 - 4 years,4,4,42,none,other,1,skilled,1,no,yes
939,unknown,24,critical,car,6842,unknown,1 - 4 years,2,4,46,none,own,2,management,2,yes,no
940,unknown,12,good,car,3527,unknown,< 1 year,2,3,45,none,own,1,management,2,yes,no
941,unknown,10,good,car,1546,< 100 DM,1 - 4 years,3,2,31,none,own,1,unskilled,2,no,no
942,unknown,24,good,furniture/appliances,929,unknown,4 - 7 years,4,2,31,store,own,1,skilled,1,yes,no
943,unknown,4,critical,car,1455,< 100 DM,4 - 7 years,2,1,42,none,own,3,unskilled,2,no,no
944,< 0 DM,15,good,furniture/appliances,1845,< 100 DM,< 1 year,4,1,46,none,rent,1,skilled,1,no,no
945,1 - 200 DM,48,perfect,car,8358,500 - 1000 DM,< 1 year,1,1,30,none,own,2,skilled,1,no,no
946,< 0 DM,24,very good,furniture/appliances,3349,500 - 1000 DM,< 1 year,4,4,30,none,other,1,skilled,2,yes,yes
947,unknown,12,good,car,2859,unknown,unemployed,4,4,38,none,own,1,management,1,yes,no
948,unknown,18,good,furniture/appliances,1533,< 100 DM,< 1 year,4,1,43,none,own,1,unskilled,2,no,yes
949,unknown,24,good,furniture/appliances,3621,100 - 500 DM,> 7 years,2,4,31,none,own,2,skilled,1,no,yes
950,1 - 200 DM,18,critical,business,3590,< 100 DM,unemployed,3,3,40,none,own,3,unemployed,2,yes,no
951,< 0 DM,36,poor,business,2145,< 100 DM,4 - 7 years,2,1,24,none,own,2,skilled,1,yes,yes
952,1 - 200 DM,24,good,car,4113,500 - 1000 DM,< 1 year,3,4,28,none,rent,1,skilled,1,no,yes
953,unknown,36,good,furniture/appliances,10974,< 100 DM,unemployed,4,2,26,none,own,2,management,1,yes,yes
954,< 0 DM,12,good,car,1893,< 100 DM,1 - 4 years,4,4,29,none,own,1,skilled,1,yes,no
955,< 0 DM,24,critical,furniture/appliances,1231,> 1000 DM,> 7 years,4,4,57,none,rent,2,management,1,yes,no
956,> 200 DM,30,critical,furniture/appliances,3656,unknown,> 7 years,4,4,49,store,own,2,unskilled,1,no,no
957,1 - 200 DM,9,critical,furniture/appliances,1154,< 100 DM,> 7 years,2,4,37,none,own,3,unskilled,1,no,no
958,< 0 DM,28,good,car,4006,< 100 DM,1 - 4 years,3,2,45,none,own,1,unskilled,1,no,yes
959,1 - 200 DM,24,good,furniture/appliances,3069,100 - 500 DM,> 7 years,4,4,30,none,other,1,skilled,1,no,no
960,unknown,6,critical,furniture/appliances,1740,< 100 DM,> 7 years,2,2,30,none,rent,2,skilled,1,no,no
961,1 - 200 DM,21,poor,car,2353,< 100 DM,1 - 4 years,1,4,47,none,own,2,skilled,1,no,no
962,unknown,15,good,car,3556,unknown,1 - 4 years,3,2,29,none,own,1,skilled,1,no,no
963,unknown,24,good,furniture/appliances,2397,500 - 1000 DM,> 7 years,3,2,35,bank,own,2,skilled,1,yes,yes
964,1 - 200 DM,6,good,renovations,454,< 100 DM,< 1 year,3,1,22,none,own,1,unskilled,1,no,no
965,1 - 200 DM,30,good,furniture/appliances,1715,unknown,1 - 4 years,4,1,26,none,own,1,skilled,1,no,no
966,1 - 200 DM,27,critical,furniture/appliances,2520,500 - 1000 DM,1 - 4 years,4,2,23,none,own,2,unskilled,1,no,yes
967,unknown,15,good,furniture/appliances,3568,< 100 DM,> 7 years,4,2,54,bank,rent,1,management,1,yes,no
968,unknown,42,good,furniture/appliances,7166,unknown,4 - 7 years,2,4,29,none,rent,1,skilled,1,yes,no
969,< 0 DM,11,critical,car,3939,< 100 DM,1 - 4 years,1,2,40,none,own,2,unskilled,2,no,no
970,1 - 200 DM,15,good,renovations,1514,100 - 500 DM,1 - 4 years,4,2,22,none,own,1,skilled,1,no,no
971,unknown,24,good,car,7393,< 100 DM,1 - 4 years,1,4,43,none,own,1,unskilled,2,no,no
972,< 0 DM,24,very good,car,1193,< 100 DM,unemployed,1,4,29,none,rent,2,unemployed,1,no,yes
973,< 0 DM,60,good,business,7297,< 100 DM,> 7 years,4,4,36,none,rent,1,skilled,1,no,yes
974,unknown,30,critical,furniture/appliances,2831,< 100 DM,1 - 4 years,4,2,33,none,own,1,skilled,1,yes,no
975,> 200 DM,24,good,furniture/appliances,1258,500 - 1000 DM,1 - 4 years,3,3,57,none,own,1,unskilled,1,no,no
976,1 - 200 DM,6,good,furniture/appliances,753,< 100 DM,1 - 4 years,2,3,64,none,own,1,skilled,1,no,no
977,1 - 200 DM,18,poor,business,2427,unknown,> 7 years,4,2,42,none,own,2,skilled,1,no,no
978,unknown,24,poor,car,2538,< 100 DM,> 7 years,4,4,47,none,own,2,unskilled,2,no,yes
979,1 - 200 DM,15,very good,car,1264,100 - 500 DM,1 - 4 years,2,2,25,none,rent,1,skilled,1,no,yes
980,1 - 200 DM,30,critical,furniture/appliances,8386,< 100 DM,4 - 7 years,2,2,49,none,own,1,skilled,1,no,yes
981,unknown,48,good,business,4844,< 100 DM,unemployed,3,2,33,bank,rent,1,management,1,yes,yes
982,> 200 DM,21,good,car,2923,100 - 500 DM,1 - 4 years,1,1,28,bank,own,1,management,1,yes,no
983,< 0 DM,36,good,car,8229,< 100 DM,1 - 4 years,2,2,26,none,own,1,skilled,2,no,yes
984,unknown,24,critical,furniture/appliances,2028,< 100 DM,4 - 7 years,2,2,30,none,own,2,unskilled,1,no,no
985,< 0 DM,15,critical,furniture/appliances,1433,< 100 DM,1 - 4 years,4,3,25,none,rent,2,skilled,1,no,no
986,> 200 DM,42,perfect,business,6289,< 100 DM,< 1 year,2,1,33,none,own,2,skilled,1,no,no
987,unknown,13,good,furniture/appliances,1409,100 - 500 DM,unemployed,2,4,64,none,own,1,skilled,1,no,no
988,< 0 DM,24,good,car,6579,< 100 DM,unemployed,4,2,29,none,other,1,management,1,yes,no
989,1 - 200 DM,24,critical,furniture/appliances,1743,< 100 DM,> 7 years,4,2,48,none,own,2,unskilled,1,no,no
990,unknown,12,critical,education,3565,unknown,< 1 year,2,1,37,none,own,2,unskilled,2,no,no
991,unknown,15,very good,furniture/appliances,1569,100 - 500 DM,> 7 years,4,4,34,bank,own,1,unskilled,2,no,no
992,< 0 DM,18,good,furniture/appliances,1936,unknown,4 - 7 years,2,4,23,none,rent,2,unskilled,1,no,no
993,< 0 DM,36,good,furniture/appliances,3959,< 100 DM,unemployed,4,3,30,none,own,1,management,1,yes,no
994,unknown,12,good,car,2390,unknown,> 7 years,4,3,50,none,own,1,skilled,1,yes,no
995,unknown,12,good,furniture/appliances,1736,< 100 DM,4 - 7 years,3,4,31,none,own,1,unskilled,1,no,no
996,< 0 DM,30,good,car,3857,< 100 DM,1 - 4 years,4,4,40,none,own,1,management,1,yes,no
997,unknown,12,good,furniture/appliances,804,< 100 DM,> 7 years,4,4,38,none,own,1,skilled,1,no,no
998,< 0 DM,45,good,furniture/appliances,1845,< 100 DM,1 - 4 years,4,4,23,none,other,1,skilled,1,yes,yes
999,1 - 200 DM,45,critical,car,4576,100 - 500 DM,unemployed,3,4,27,none,own,1,skilled,1,no,no
